"Date,Closing Price,Opening Price,Highest Price,Lowest Price"
"13/07/2016,33.4,33.9,34.1,33.4"
"12/07/2016,33.2,33,33.3,32.2"
"11/07/2016,32.7,33.9,34.5,32.5"
"08/07/2016,33.6,33.9,34.6,33.6"
"07/07/2016,33.7,33.6,34.1,33.3"
"06/07/2016,33.5,33,33.7,32.8"
"05/07/2016,33.5,33.5,34.1,33.3"
"04/07/2016,32.2,30.7,32.2,30.7"
"01/07/2016,30.1,29.9,30.6,29.9"
"30/06/2016,29.9,30.4,30.7,29.9"
"29/06/2016,30.4,29.8,30.4,29.8"
"28/06/2016,29.7,29.6,29.8,29.3"
"27/06/2016,29.7,29.8,30.1,29.2"
"24/06/2016,30.1,31.4,31.4,29.4"
"23/06/2016,31.6,31.7,31.7,31.4"
"22/06/2016,31.6,31.6,32,31.6"
"21/06/2016,31.7,31.6,32.2,31.5"
"20/06/2016,31.4,31.8,31.8,31.2"
"17/06/2016,31.2,31.6,31.6,31"
"16/06/2016,31.7,31.8,32.4,31.7"
"14/06/2016,31.8,31.7,31.9,31.4"
"13/06/2016,31.9,32.3,32.4,31.7"
"10/06/2016,32.5,32,32.7,32"
"09/06/2016,32,31.6,32.7,31.4"
"08/06/2016,31.6,31.9,32.3,31.6"
"07/06/2016,31.6,31.2,31.6,30.9"
"06/06/2016,30.8,31.6,31.8,30.8"
"03/06/2016,31.6,32,32.4,31.6"
"02/06/2016,31.7,31.5,31.9,31.4"
"01/06/2016,31.7,31.5,32.4,31.5"
"31/05/2016,31.5,31.4,31.9,31"
"30/05/2016,31.4,31,31.8,31"
"27/05/2016,30.3,29.5,30.4,29.4"
"26/05/2016,29.5,29.9,30.3,29.5"
"25/05/2016,29.8,29,30.5,29"
"24/05/2016,28.8,28.7,28.9,28.6"
"23/05/2016,28.7,29,29,28.6"
"20/05/2016,28.9,29,29.1,28.8"
"19/05/2016,28.9,29,29.1,28.7"
"17/05/2016,28.9,29,29.2,28.6"
"16/05/2016,28.7,28.3,28.9,28.3"
"13/05/2016,28.4,28.8,28.9,28.3"
"12/05/2016,28.7,28.7,29.3,28.7"
"11/05/2016,28.7,28.8,29,28.4"
"10/05/2016,28.8,28.8,29.1,28.7"
"09/05/2016,29,29.7,29.7,29"
"06/05/2016,30,29.7,30.4,29.6"
"05/05/2016,29.6,29.6,30,29.4"
"04/05/2016,29.3,29.1,29.7,28.8"
"29/04/2016,29.1,29,29.3,29"
"28/04/2016,29.2,29.7,29.7,29.1"
"27/04/2016,29.5,30,30.2,29.4"
"26/04/2016,29.9,30.2,30.2,29.7"
"25/04/2016,30.2,30.2,30.4,29.8"
"22/04/2016,29.6,29.4,29.7,29.2"
"21/04/2016,29.4,29.3,29.8,29.1"
"20/04/2016,28.8,29,29.2,28.6"
"19/04/2016,28.8,30.2,30.2,28.8"
"14/04/2016,30.6,30.7,30.9,30.6"
"13/04/2016,30.7,30.7,31.5,30.5"
"12/04/2016,30.9,30.3,31.2,30.2"
"11/04/2016,30.2,29.6,30.2,29.6"
"08/04/2016,29.5,29.8,29.8,29.5"
"07/04/2016,29.7,29.8,30.1,29.6"
"06/04/2016,29.6,29.7,29.9,29.3"
"05/04/2016,29.5,28.9,29.5,28.8"
"04/04/2016,28.9,29,29.4,28.8"
"01/04/2016,29.2,28.8,29.2,28.6"
"31/03/2016,29,29.6,29.9,29"
"30/03/2016,29.6,29.7,30.3,29.3"
"29/03/2016,29.7,31.2,31.2,29.5"
"28/03/2016,30.9,31.1,31.3,30.8"
"25/03/2016,31,31.5,31.7,30.8"
"24/03/2016,31.6,32,32.4,31.6"
"23/03/2016,32,31.6,32.1,31.3"
"22/03/2016,31.6,31.9,32,31.3"
"21/03/2016,31.9,32.6,32.7,31.9"
"17/03/2016,31.8,31.8,32.8,31.8"
"16/03/2016,32,31.5,32.2,31.4"
"15/03/2016,31.7,32,32.7,31.7"
"14/03/2016,32.2,32.5,32.6,32.1"
"11/03/2016,32.4,32.9,33,32.3"
"10/03/2016,32.9,31.5,32.9,31.5"
"09/03/2016,31.5,31.2,31.9,31.2"
"08/03/2016,31.3,31.7,32,31.3"
"07/03/2016,31.7,31.7,32.7,31.7"
"04/03/2016,31.9,32,32.2,31.7"
"03/03/2016,32,32,32.8,31.7"
"02/03/2016,32.4,32.7,33.2,32.4"
"01/03/2016,32.3,32.1,32.8,32"
"29/02/2016,32.3,32,32.9,31.9"
"26/02/2016,32,31.4,32.1,31"
"25/02/2016,30.9,32,32.1,30.8"
"24/02/2016,32,29.8,32,29.7"
"23/02/2016,30,30.2,30.6,29.5"
"22/02/2016,29.3,27.4,29.3,27.4"
"18/02/2016,27.7,27.7,27.8,27.6"
"17/02/2016,27.6,27.6,27.9,27.5"
"16/02/2016,27.6,27.5,27.8,27.5"
"15/02/2016,27.5,27.6,27.8,27.4"
"05/02/2016,27.9,27.7,28.1,27.6"
"04/02/2016,27.5,27.7,27.9,27.5"
"03/02/2016,27.7,27,27.8,26.9"
"02/02/2016,27.3,27.4,27.6,27.3"
"01/02/2016,27.6,28,28.3,27.6"
"29/01/2016,27.8,27.6,28,27.5"
"28/01/2016,27.6,28,28.2,27.6"
"27/01/2016,28,28,28.2,27.9"
"26/01/2016,27.5,27.5,28.3,27.5"
"25/01/2016,28.3,26.5,28.3,26.5"
"22/01/2016,26.5,26.3,26.7,25.7"
"21/01/2016,25.9,26.3,26.6,25.5"
"20/01/2016,26.5,26.7,27.3,26.5"
"19/01/2016,27,26.1,27,26"
"18/01/2016,25.8,26.7,26.7,25.4"
"14/01/2016,27.5,27.5,27.9,27"
"13/01/2016,28,29,29.1,28"
"12/01/2016,28.3,26.6,28.3,26.6"
"11/01/2016,26.6,26.1,26.7,26.1"
"08/01/2016,26.3,27,27,25.9"
"07/01/2016,27.1,28.8,28.8,27.1"
"06/01/2016,29,29.3,29.5,28.7"
"05/01/2016,29.5,30,30,29.5"
"04/01/2016,30,30,30.9,30"
"31/12/2015,30.8,30.8,31,30.5"
"30/12/2015,30.9,30.9,31.3,30.9"
"29/12/2015,30.7,30.1,31,29.9"
"28/12/2015,29.9,29.8,30,29.8"
"25/12/2015,29.7,30,30.3,29.7"
"24/12/2015,30.2,30.3,30.5,30.2"
"23/12/2015,30.3,30.8,30.9,30.1"
"22/12/2015,30.6,31.5,31.6,30.6"
"21/12/2015,31.7,31.7,32,31.5"
"18/12/2015,31.9,32,32.3,31.9"
"16/12/2015,32,32.1,32.2,32"
"15/12/2015,31.9,31.4,32,31.4"
"14/12/2015,31.4,31.4,31.4,31.2"
"11/12/2015,31.2,31.4,31.6,31"
"10/12/2015,31.2,31.3,31.8,31.2"
"09/12/2015,31.4,32.3,32.3,31.4"
"08/12/2015,32.1,31.5,32.3,31.3"
"07/12/2015,31.6,32,32.3,31.6"
"04/12/2015,32,32.2,32.3,31.9"
"03/12/2015,32.2,32,32.7,31.9"
"02/12/2015,32,32,32.5,31.6"
"01/12/2015,31.7,31.7,32.3,31.5"
"30/11/2015,31.7,32.5,32.5,31.7"
"27/11/2015,32.7,33.8,33.8,32.7"
"26/11/2015,33.7,34.4,34.6,33.6"
"25/11/2015,34.5,34.3,34.7,34.1"
"24/11/2015,34.7,34.9,35.1,34.4"
"23/11/2015,34.8,34.1,35.2,34.1"
"20/11/2015,34,33.8,34,33.7"
"18/11/2015,34.2,34.5,34.6,34.2"
"17/11/2015,34.5,34.5,34.8,34.4"
"16/11/2015,34.4,34.4,34.9,34.3"
"13/11/2015,34.3,33.9,34.6,33.9"
"12/11/2015,33.9,34.5,34.6,33.7"
"11/11/2015,34.6,34.7,35.1,34.5"
"10/11/2015,34.8,35.2,35.5,34.8"
"09/11/2015,35.3,35.4,35.6,35.3"
"06/11/2015,35.5,35.9,36,35.5"
"05/11/2015,35.7,35.5,35.9,35.5"
"04/11/2015,35.6,36,36.4,35.6"
"03/11/2015,35.8,35.5,36,35.4"
"02/11/2015,35.6,35.8,35.9,35.5"
"30/10/2015,35.8,36.5,36.5,35.8"
"29/10/2015,36.2,35.9,36.5,35.6"
"28/10/2015,35.6,36.3,36.3,35.5"
"27/10/2015,36.1,36.2,36.4,36"
"26/10/2015,36.1,36.6,36.6,36.1"
"23/10/2015,36.6,37,37,36.5"
"21/10/2015,35.9,36.1,36.5,35.9"
"20/10/2015,36.6,36.8,36.9,36.4"
"19/10/2015,37,37.6,37.6,37"
"16/10/2015,37.6,37.6,38.4,37.6"
"15/10/2015,38,38.1,38.2,37.9"
"14/10/2015,38.1,38.1,38.5,38"
"13/10/2015,38.1,38.2,38.5,37.9"
"12/10/2015,38.4,37.6,38.8,37.6"
"09/10/2015,37.5,37.6,37.9,37.4"
"08/10/2015,37.5,37.1,37.8,37.1"
"07/10/2015,37.1,38.2,38.2,37.1"
"06/10/2015,38.2,37.2,38.3,36.9"
"05/10/2015,36.5,36,36.8,36"
"02/10/2015,36,36.5,36.5,36"
"01/10/2015,36.3,36.5,36.8,36.3"
"30/09/2015,36.2,36.4,36.5,36.2"
"29/09/2015,36.2,36.3,36.3,35.9"
"28/09/2015,36.5,36.7,37,36.4"
"25/09/2015,36.7,36.8,37.2,36.5"
"23/09/2015,37.1,37.2,37.3,37"
"22/09/2015,37.2,37.6,37.7,37.1"
"21/09/2015,37.5,37.5,37.7,36.8"
"18/09/2015,37,36.8,37.2,36.7"
"17/09/2015,36.1,36.5,36.5,36.1"
"16/09/2015,36.1,36.2,36.6,36.1"
"15/09/2015,36.2,35.7,36.6,35.7"
"11/09/2015,36.9,37.4,37.6,36.9"
"10/09/2015,37.4,37.1,38,37.1"
"09/09/2015,37.5,38,38.1,37.5"
"08/09/2015,37.7,36.5,37.7,36.4"
"07/09/2015,37,37.2,37.8,36.8"
"04/09/2015,37.3,37.5,37.8,37.2"
"03/09/2015,37.3,38.5,38.8,37"
"01/09/2015,38.9,39.8,39.9,38.6"
"31/08/2015,39.8,39.9,40.4,39.6"
"28/08/2015,39.7,37.8,40.1,37.8"
"27/08/2015,37.8,38.1,38.2,37.6"
"25/08/2015,36.1,35.3,37.1,35.3"
"24/08/2015,36.3,37.7,38.3,36.3"
"21/08/2015,39,37.6,39,37.5"
"20/08/2015,39,40.5,41.3,39"
"19/08/2015,40.8,38.1,40.8,37.8"
"18/08/2015,38.3,38.1,38.6,37.8"
"17/08/2015,38.5,39,39,37.5"
"14/08/2015,39,38.7,39.3,38.2"
"13/08/2015,38.9,38.8,39.4,38.2"
"12/08/2015,38.6,37.6,38.9,37.6"
"11/08/2015,38.2,39.3,39.7,38.2"
"10/08/2015,39,37.9,39,37.9"
"07/08/2015,37.2,36.5,37.6,36.3"
"05/08/2015,37.1,37.1,37.4,36.5"
"04/08/2015,36.5,35.8,36.9,35.7"
"03/08/2015,35.8,36.1,36.7,35.5"
"31/07/2015,37,37.2,37.8,37"
"30/07/2015,37.2,37.5,37.6,37.1"
"28/07/2015,38.2,38.9,39.2,38.2"
"27/07/2015,38.8,37.8,39.5,37.7"
"24/07/2015,37.4,36.6,37.7,36.5"
"23/07/2015,36.7,36.6,37.2,36.5"
"22/07/2015,36.6,35.5,36.8,35.5"
"21/07/2015,35.9,37.7,37.8,35.6"
"20/07/2015,38.2,37.8,38.2,37.3"
"17/07/2015,37.9,38.3,38.5,37.9"
"16/07/2015,38.4,37.6,38.5,37.6"
"15/07/2015,37.9,39,39.4,37.9"
"14/07/2015,39,39.5,39.8,38.6"
"13/07/2015,39.2,39.3,40,38.9"
"10/07/2015,39.3,39.8,40.5,39.3"
"09/07/2015,39.5,37.4,39.5,37.3"
"08/07/2015,37.8,38.7,38.7,37.5"
"07/07/2015,38.8,39,39.4,38.7"
"06/07/2015,39.3,39.6,39.7,38.7"
"03/07/2015,39.3,38.2,39.8,37.9"
"02/07/2015,38,37.3,38.3,37.3"
"29/06/2015,37.8,36.8,38.2,36.7"
"26/06/2015,36.6,35.8,37.9,35.8"
"25/06/2015,35.5,35,35.6,34.8"
"24/06/2015,35,34.3,35.3,34.1"
"23/06/2015,34,34.3,34.5,34"
"22/06/2015,34.3,33.5,34.4,33.5"
"19/06/2015,33.7,34.1,34.6,33.5"
"18/06/2015,33.7,33.7,34.2,33.6"
"17/06/2015,33.6,33.9,34.3,33.5"
"16/06/2015,34.1,34.7,35.4,34.1"
"15/06/2015,34.8,35.3,35.5,34.7"
"12/06/2015,35.3,35.5,35.7,34.4"
"11/06/2015,34.1,34.5,34.8,34.1"
"10/06/2015,34,34,34.3,33"
"09/06/2015,33.9,33.6,34.4,33.1"
"08/06/2015,34,35,35.5,34"
"05/06/2015,34.1,31.9,34.1,31.6"
"04/06/2015,31.9,32,32.4,31.6"
"02/06/2015,31.1,31.6,32.3,31.1"
"01/06/2015,31.6,31.6,32.2,31.5"
"29/05/2015,31.6,31.7,32,31.2"
"28/05/2015,31.8,31.1,32.8,31"
"27/05/2015,31,30.3,31.6,30"
"26/05/2015,30.1,30.5,30.8,29.7"
"22/05/2015,30.1,30,30.5,29.7"
"21/05/2015,28.9,28.1,28.9,28.1"
"20/05/2015,27.1,25.9,27.1,25.8"
"19/05/2015,25.4,25.2,25.8,25.1"
"18/05/2015,25.5,27,27,25.5"
"15/05/2015,27,27.9,27.9,27"
"14/05/2015,27.7,27.7,27.9,27.4"
"13/05/2015,28,28.5,28.5,27.7"
"12/05/2015,28.5,28.6,28.7,28.3"
"11/05/2015,28.8,28.9,29.2,28.5"
"08/05/2015,28.7,28,28.9,28"
"07/05/2015,27.9,28.1,28.3,27.6"
"05/05/2015,30.3,30.1,30.5,29.7"
"04/05/2015,30.2,31.4,31.4,30.2"
"27/04/2015,31.4,31.3,31.6,31.3"
"24/04/2015,31.3,31,31.4,31"
"23/04/2015,30.8,31.2,31.2,30.8"
"22/04/2015,31,31.2,31.3,30.8"
"21/04/2015,31.4,31.7,31.8,31.4"
"20/04/2015,31.9,32.4,32.5,31.8"
"17/04/2015,32.4,31.6,32.7,31.6"
"16/04/2015,31.7,31.3,32,31.2"
"15/04/2015,31.3,31.5,31.5,30.9"
"14/04/2015,31.3,31.8,31.8,31.2"
"10/04/2015,31.8,31.4,32.2,31.4"
"09/04/2015,31.5,31.3,31.7,31.3"
"08/04/2015,31.5,31.5,31.6,31.3"
"07/04/2015,31.5,31.3,31.9,31"
"06/04/2015,31.3,31.4,31.7,31.2"
"03/04/2015,31.7,31.3,31.7,31.2"
"01/04/2015,31,31.6,32,30.9"
"31/03/2015,31.8,31.6,32.3,31.6"
"30/03/2015,31.6,32,32.7,31.6"
"27/03/2015,32,32.1,32.2,31.7"
"26/03/2015,32,32,32.4,31.8"
"25/03/2015,32,31.8,32,31.5"
"24/03/2015,31.8,32,32,31.4"
"23/03/2015,32,32.5,32.6,32"
"20/03/2015,32.7,31.7,32.9,31.7"
"19/03/2015,31.8,32,32.3,31.7"
"18/03/2015,31.7,32,32.2,31.7"
"17/03/2015,32.1,31.8,32.2,31.8"
"16/03/2015,31.8,32.6,32.9,31.8"
"13/03/2015,32.6,33.2,33.2,32.6"
"12/03/2015,33.2,33,33.2,32.6"
"11/03/2015,33.2,33.2,33.4,32.8"
"10/03/2015,33.2,33.1,33.3,32.7"
"09/03/2015,33,33.5,33.7,33"
"04/03/2015,33.8,32.6,33.9,32.6"
"03/03/2015,32.5,32.5,32.5,31.9"
"02/03/2015,31.8,32.5,32.8,31.8"
"27/02/2015,32,32.5,32.5,32"
"26/02/2015,32.3,31.8,32.4,31.7"
"25/02/2015,32.2,32.7,32.7,32.1"
"24/02/2015,32.6,32.6,32.8,32.4"
"13/02/2015,32.4,32.7,32.8,32.2"
"12/02/2015,32.6,32.5,33,32.5"
"11/02/2015,32.4,31.5,32.4,31.5"
"10/02/2015,31.5,31.8,31.8,31.1"
"09/02/2015,31.4,31.8,31.9,31.4"
"06/02/2015,31.7,31.1,31.8,31.1"
"05/02/2015,31.1,31.3,31.4,31"
"04/02/2015,31.2,30.6,31.2,30.3"
"03/02/2015,30.5,31.3,31.8,30.5"
"02/02/2015,31.2,31.9,32.1,31.2"
"30/01/2015,31.7,32.5,32.5,31.7"
"29/01/2015,32.4,32.8,32.8,32"
"27/01/2015,32.5,33.5,33.6,32.4"
"26/01/2015,33.3,33.5,33.6,33"
"23/01/2015,33.1,32.9,33.5,32.6"
"22/01/2015,32.5,32.4,32.9,32"
"21/01/2015,32.4,32.7,32.9,32.3"
"19/01/2015,32.8,33.2,33.4,32.5"
"16/01/2015,33.4,33.4,33.9,33.2"
"15/01/2015,33.2,32.8,33.5,32.8"
"14/01/2015,32.8,31.8,33,31.6"
"13/01/2015,31.6,31.3,31.8,31.2"
"12/01/2015,31.5,32.3,32.3,31.5"
"09/01/2015,32.1,31.9,32.4,31.8"
"08/01/2015,31.8,32.4,32.4,31.7"
"07/01/2015,32,31.7,32.5,31.7"
"06/01/2015,31.6,30.5,31.6,30.4"
"05/01/2015,31.3,31.7,31.8,31.1"
"31/12/2014,31.2,30.2,31.3,30"
"30/12/2014,29.8,28.5,29.8,28.3"
"26/12/2014,30.1,30.4,30.9,30.1"
"25/12/2014,30.9,31.4,31.4,30.9"
"24/12/2014,31.4,31.6,32,31.4"
"23/12/2014,31.5,31.4,31.8,31"
"22/12/2014,31.3,30.7,31.5,30.7"
"19/12/2014,30.7,31.1,31.8,30.4"
"18/12/2014,31,30.5,31,30.2"
"17/12/2014,29.9,32.1,32.2,29.9"
"16/12/2014,32.1,33.1,33.3,32"
"15/12/2014,33.5,33.8,33.9,33.4"
"12/12/2014,33.6,33.4,34,33.4"
"10/12/2014,34.5,33,34.5,32"
"09/12/2014,33,34.7,35.1,33"
"08/12/2014,35.2,35.6,35.6,35.2"
"05/12/2014,35.6,35.5,35.8,35.4"
"04/12/2014,35.6,36,36.1,35.5"
"03/12/2014,35.8,35.5,35.9,35.5"
"02/12/2014,35.4,35.4,35.7,35.3"
"28/11/2014,35.6,35.4,35.8,35.4"
"27/11/2014,35.7,35.5,35.7,35"
"26/11/2014,35.5,35.9,36.1,35.3"
"25/11/2014,35.5,35.4,35.7,35.3"
"24/11/2014,35.4,35.5,35.5,35"
"21/11/2014,35.8,36.5,36.7,35.6"
"20/11/2014,36.5,36.4,36.5,36.1"
"19/11/2014,36,36.5,36.7,36"
"18/11/2014,36.5,36.8,36.9,36.5"
"17/11/2014,36.9,37.3,37.3,36.9"
"14/11/2014,37,37.2,37.3,36.7"
"13/11/2014,37.3,37.7,37.9,37.3"
"12/11/2014,37.6,37.8,37.8,37.4"
"11/11/2014,37.6,37.4,38,37.3"
"10/11/2014,37.4,37.4,37.7,37.4"
"07/11/2014,37.2,36.9,37.4,36.8"
"06/11/2014,36.9,37,37,36.6"
"04/11/2014,36.9,37.3,37.4,36.8"
"31/10/2014,36.9,36.2,37,36.2"
"30/10/2014,36.2,36.6,36.9,36.2"
"29/10/2014,36.9,36.6,37.1,36.3"
"28/10/2014,36,35.5,36.2,35.3"
"27/10/2014,35.5,36.3,36.7,35.5"
"24/10/2014,36.8,37,37.2,36.5"
"23/10/2014,37,37.8,38,36.9"
"22/10/2014,37.9,36.8,37.9,36.8"
"21/10/2014,36.7,36.6,36.9,36.4"
"20/10/2014,36.6,36.6,37,36.5"
"17/10/2014,36.6,36,36.8,35.7"
"16/10/2014,36,38,38.1,36"
"15/10/2014,38,38.3,38.5,37.7"
"14/10/2014,38.5,39.3,39.5,38.5"
"13/10/2014,39.3,39,39.5,38.8"
"10/10/2014,39.1,39.4,39.8,39"
"09/10/2014,39.6,40.5,40.5,39.6"
"08/10/2014,40,40.3,40.8,39.9"
"07/10/2014,40.5,40.6,40.9,40.4"
"03/10/2014,40.7,41.1,41.4,40.6"
"02/10/2014,40.7,39.9,41.1,39.5"
"01/10/2014,39.6,39.5,39.9,39.4"
"30/09/2014,39.1,38.8,39.4,38.6"
"26/09/2014,38.6,38.9,39.3,38.6"
"25/09/2014,38.5,38,38.6,37.1"
"24/09/2014,38,38.5,38.9,37.9"
"23/09/2014,38.5,38.6,39.2,38.4"
"22/09/2014,38.6,40.3,40.3,38.6"
"19/09/2014,39.5,39.1,39.7,39"
"18/09/2014,39.4,41.6,41.9,39.4"
"17/09/2014,41.4,39.6,41.4,39.5"
"16/09/2014,38.7,38.6,38.7,38"
"15/09/2014,38.6,39.5,39.5,38.6"
"12/09/2014,38.9,39.2,39.3,38.7"
"11/09/2014,39.1,39.6,39.9,39"
"10/09/2014,39.2,38.2,39.2,37.5"
"09/09/2014,38.2,39.6,40.3,37"
"05/09/2014,38.7,38.8,38.8,38.1"
"04/09/2014,38.3,38.5,38.9,38.2"
"03/09/2014,38.7,39.5,39.6,38.7"
"29/08/2014,39,39.3,39.5,38.6"
"28/08/2014,39.1,37.6,39.4,37.5"
"27/08/2014,37.6,37.1,37.8,36.9"
"26/08/2014,37.1,37.3,37.5,36.8"
"25/08/2014,36.9,36.7,37.5,36.6"
"22/08/2014,36.4,36.5,36.9,36.3"
"21/08/2014,36.3,35.7,37,35.7"
"20/08/2014,35.7,36,36.2,35.7"
"19/08/2014,35.8,36.2,36.7,35.7"
"18/08/2014,35.9,35,36.3,34.9"
"15/08/2014,35,35,35.2,34.8"
"14/08/2014,35.1,35,35.6,34.9"
"13/08/2014,34.8,33.9,34.8,33.8"
"12/08/2014,34,34,34.4,33.9"
"11/08/2014,34,34.3,34.3,33.9"
"08/08/2014,34.1,34.7,34.8,34.1"
"06/08/2014,34.7,34.8,35,34.5"
"05/08/2014,34.6,34.3,34.6,34.2"
"04/08/2014,34.2,33.6,34.4,33.5"
"01/08/2014,33.7,33.8,34.3,32"
"31/07/2014,34.2,34.2,34.5,34"
"30/07/2014,34.1,34,34.7,34"
"29/07/2014,34,34.2,34.2,33.7"
"28/07/2014,34.1,34.8,34.9,33.9"
"25/07/2014,35.1,35.8,36.1,35.1"
"24/07/2014,35.7,35.4,35.7,35.4"
"23/07/2014,35.4,36,36,35.4"
"22/07/2014,35.7,36.2,36.3,35.5"
"21/07/2014,36.1,37,37,36"
"18/07/2014,36.5,36.2,36.9,36.1"
"17/07/2014,36.3,36,36.6,35.8"
"16/07/2014,36.1,37.2,37.3,36.1"
"15/07/2014,36.4,35.1,36.4,35.1"
"14/07/2014,34.9,35,35.1,34.4"
"11/07/2014,34.8,35,35.4,34.6"
"09/07/2014,36.2,36.3,36.6,36.1"
"08/07/2014,36.1,36.1,36.4,35.9"
"07/07/2014,36.4,36.8,36.9,36.2"
"04/07/2014,36.7,37,37,36.4"
"03/07/2014,37,37,37.3,36.5"
"02/07/2014,36.4,36.1,36.8,35.9"
"01/07/2014,35.9,35.9,36.4,35.7"
"30/06/2014,35.8,35.7,36.2,35.5"
"27/06/2014,35.7,35.9,36.1,35.6"
"26/06/2014,35.9,36,36.4,35.9"
"25/06/2014,36,36.2,36.5,35.9"
"24/06/2014,35.9,35.1,35.9,35"
"23/06/2014,35.5,35.8,36,35.3"
"20/06/2014,36,36.1,36.9,35.5"
"19/06/2014,35.4,34.5,35.5,33.5"
"18/06/2014,35.3,35.7,36.1,35"
"17/06/2014,35.6,34,36,33.9"
"16/06/2014,33.9,33.9,34.5,33.8"
"13/06/2014,33.9,34,34.2,33.7"
"11/06/2014,34.2,32.9,34.2,32.6"
"10/06/2014,32.5,33.4,33.9,32.5"
"09/06/2014,34,34.3,34.3,33.4"
"06/06/2014,32.1,30.4,32.1,30.1"
"05/06/2014,30,29.1,30.3,28.5"
"04/06/2014,29.1,30.5,30.5,28.9"
"03/06/2014,30.4,30,30.6,29.9"
"02/06/2014,30,31.2,31.2,30"
"30/05/2014,31.2,31,31.8,30.4"
"29/05/2014,30.8,30.6,32,30.4"
"28/05/2014,30.9,30,30.9,30"
"27/05/2014,29.6,28,29.6,28"
"26/05/2014,27.9,27.6,28.2,27.1"
"23/05/2014,27.9,28,28.3,27.3"
"22/05/2014,28,28.9,29.2,28"
"21/05/2014,28.9,27.9,29,27.4"
"20/05/2014,27.9,27.3,28.2,27"
"19/05/2014,27.7,26.6,28.1,26.3"
"16/05/2014,26.7,26,26.7,25.3"
"14/05/2014,25,23,25,23"
"13/05/2014,23.4,24,24.6,23.4"
"12/05/2014,25.1,26.2,26.2,25.1"
"09/05/2014,26.9,26.3,27.4,26.3"
"08/05/2014,27.4,28.5,28.5,27.4"
"07/05/2014,29.4,29.4,29.9,29"
"06/05/2014,29.4,30,30,27.8"
"05/05/2014,30.8,33.5,33.5,30.8"
"29/04/2014,33.1,32.7,33.1,32.7"
"28/04/2014,33.1,33.7,33.8,33.1"
"25/04/2014,33.7,33.6,34.1,33.4"
"24/04/2014,33.5,33.1,34.2,32.9"
"23/04/2014,33.5,34.4,34.8,33.5"
"22/04/2014,34.4,33.5,34.4,32.1"
"21/04/2014,32.2,34.5,34.5,32.2"
"18/04/2014,34.6,37.1,37.1,34.6"
"17/04/2014,37.1,36.6,38,36.6"
"16/04/2014,36.4,38.6,38.7,35.9"
"15/04/2014,38.6,41.3,41.3,38.6"
"11/04/2014,42,41.9,42.5,41.6"
"10/04/2014,41.9,41.5,42.6,41.2"
"08/04/2014,41.2,41.5,41.7,41"
"07/04/2014,41.4,41.6,41.8,41.3"
"04/04/2014,41.3,40.9,41.7,40.8"
"03/04/2014,40.9,40.4,41.5,40.4"
"02/04/2014,40.4,41,41.9,39.3"
"01/04/2014,41,42,42.6,40.8"
"31/03/2014,42.5,42,43,41.7"
"28/03/2014,41.9,41.7,42.5,41.5"
"27/03/2014,40.9,39.5,40.9,39"
"26/03/2014,39,40.9,41.3,38.9"
"25/03/2014,39.7,42.2,42.4,39.7"
"24/03/2014,42.4,43,43.5,42.4"
"21/03/2014,42.8,43,43.5,42.2"
"20/03/2014,43,44.2,44.2,42"
"19/03/2014,43.4,42,43.7,41.7"
"18/03/2014,41.5,40.5,42.5,39.7"
"17/03/2014,40,38.4,40,38.1"
"13/03/2014,36.4,35.2,36.5,35.1"
"12/03/2014,34.9,34.8,35.3,34.7"
"11/03/2014,34.8,35.1,35.3,34.6"
"10/03/2014,35.2,34.9,35.3,34.9"
"07/03/2014,34.9,34.3,35.5,33.7"
"06/03/2014,34.2,32.5,34.2,32"
"05/03/2014,32.5,31.9,32.5,31.5"
"04/03/2014,31.5,30.5,31.8,30.3"
"03/03/2014,30.8,31.8,31.8,30.8"
"28/02/2014,31.8,30.5,32,30.3"
"27/02/2014,30.4,31.8,31.8,30.2"
"26/02/2014,31.8,31.5,31.8,30.8"
"25/02/2014,31.5,30,31.5,29.8"
"24/02/2014,30.2,28.9,30.2,28.6"
"21/02/2014,28.5,28,29,27.5"
"20/02/2014,28,29.6,29.7,27.8"
"19/02/2014,29.7,29.8,29.9,29.4"
"18/02/2014,29.4,28.7,29.4,28.7"
"17/02/2014,28.8,28.9,29.3,28.7"
"13/02/2014,28.3,28.3,28.3,27.8"
"12/02/2014,28.2,27.7,28.2,27.5"
"11/02/2014,27.5,28.5,28.6,27.3"
"10/02/2014,28,27.6,28.4,27.4"
"07/02/2014,27.7,28.4,28.8,27.2"
"06/02/2014,28.4,28.5,29.2,28.3"
"27/01/2014,28.8,27.8,28.9,27.1"
"24/01/2014,27.8,27.6,28.3,27.2"
"23/01/2014,27.3,27.2,27.5,26.9"
"22/01/2014,26.9,27.7,27.9,26.5"
"21/01/2014,27.5,26.5,27.8,26.1"
"20/01/2014,26.5,26.8,27.5,26.4"
"17/01/2014,26.8,27.8,28.1,26.8"
"16/01/2014,27.5,26.1,27.5,26"
"15/01/2014,26.3,25.7,27,25.7"
"14/01/2014,25.5,25.3,25.8,25.2"
"13/01/2014,25.4,25.4,25.7,25.3"
"10/01/2014,25.5,26.3,26.4,25.5"
"09/01/2014,26.1,26,26.1,25.6"
"07/01/2014,25.2,25.7,25.9,25.2"
"06/01/2014,25.7,25.4,26,25.3"
"03/01/2014,25.5,24.6,25.5,24.4"
"02/01/2014,24.8,24.8,25.3,24.5"
"09/08/2024,25.45,24.75,25.55,24.55"
"08/08/2024,24.3,24.25,24.85,24.15"
"07/08/2024,24.45,24.4,24.5,23.9"
"06/08/2024,24.3,23.6,24.35,23.1"
"05/08/2024,23,24.2,24.35,23"
"02/08/2024,24.55,24,24.95,23.5"
"01/08/2024,24.25,25.5,25.5,24"
"31/07/2024,25.35,25.7,25.85,25.25"
"30/07/2024,25.6,25.55,25.9,25.35"
"29/07/2024,25.65,25.6,25.9,25.5"
"26/07/2024,25.4,25.2,25.45,25.05"
"25/07/2024,25.05,25,25.4,24.8"
"24/07/2024,25.55,25.4,25.9,24.5"
"23/07/2024,25.55,26.75,26.75,25.5"
"22/07/2024,26.5,26.1,26.8,26.1"
"19/07/2024,26,26.1,26.5,25.8"
"18/07/2024,26.1,26.1,26.2,25.7"
"17/07/2024,25.9,26.7,26.75,25.3"
"16/07/2024,26.5,26.55,26.9,26.5"
"12/07/2024,27.8,28.25,28.35,27.5"
"11/07/2024,28.2,27.95,28.3,27.85"
"10/07/2024,27.8,28.2,28.2,27.7"
"09/07/2024,28,27.4,28.1,27.3"
"08/07/2024,27.35,27.5,27.7,27.3"
"05/07/2024,27.3,27.5,27.65,27.2"
"04/07/2024,27.5,27.3,27.6,27.15"
"03/07/2024,27.3,27.25,27.4,27.15"
"02/07/2024,27.1,26.95,27.2,26.85"
"01/07/2024,26.6,26.4,26.75,26.1"
"28/06/2024,26.2,26.65,27,26.05"
"27/06/2024,26.65,26.85,26.85,26.4"
"26/06/2024,26.65,26.85,27,26.2"
"25/06/2024,26.85,26.85,27,26.5"
"24/06/2024,26.55,28.2,28.25,26.55"
"21/06/2024,28.15,28.25,28.4,28"
"20/06/2024,28.1,28.6,28.6,28"
"19/06/2024,28.35,28.5,28.8,28.05"
"18/06/2024,28.3,28.6,28.75,28.3"
"14/06/2024,28.9,29.8,30.65,28.9"
"13/06/2024,29.55,30.2,30.2,29.55"
"12/06/2024,29.9,29.4,29.9,29.4"
"11/06/2024,29.4,29.15,29.45,28.8"
"10/06/2024,29,28.8,29.45,28.8"
"07/06/2024,28.7,28.9,29.15,28.7"
"06/06/2024,28.8,29.35,29.45,28.75"
"05/06/2024,29.25,29.55,29.65,29.2"
"04/06/2024,29.35,29.7,29.85,29.3"
"03/06/2024,29.5,29.2,29.85,29.2"
"31/05/2024,28.85,29.1,29.2,28.7"
"30/05/2024,28.95,28.8,29.1,28.4"
"29/05/2024,29.3,29.75,29.9,29.2"
"28/05/2024,29.75,29.2,29.8,29.05"
"27/05/2024,29.05,29.1,29.25,28.6"
"24/05/2024,29.1,30.3,30.65,28.6"
"23/05/2024,30.65,30.5,30.65,29.8"
"22/05/2024,30.5,30,31.25,30"
"21/05/2024,29.7,29.35,29.7,29.05"
"17/05/2024,29.5,29.3,29.85,29.1"
"16/05/2024,29.3,29.35,29.85,29.15"
"15/05/2024,29,28.55,29.9,28.4"
"14/05/2024,28.5,28.5,28.9,28.3"
"13/05/2024,28.3,28.8,28.9,28.05"
"10/05/2024,28.5,28.3,28.7,27.85"
"09/05/2024,28.3,28.4,28.7,28.05"
"08/05/2024,28.15,27.5,28.4,27.45"
"07/05/2024,27.85,27.9,28,27.6"
"06/05/2024,27.65,26.8,28.2,26.6"
"03/05/2024,26.45,26.9,27,26.35"
"02/05/2024,26.35,27.05,27.1,26.2"
"26/04/2024,27.05,26.8,27.1,26.6"
"25/04/2024,27.3,27.55,27.55,27"
"24/04/2024,27.65,26.8,27.65,26.6"
"23/04/2024,26.35,26.55,26.9,25.75"
"22/04/2024,26.5,25.7,26.55,25.4"
"19/04/2024,24.85,25.6,26.2,24.8"
"17/04/2024,26.1,27.6,27.6,26.1"
"15/04/2024,27.45,29.3,29.55,27.45"
"12/04/2024,29.5,28.95,29.5,28.7"
"11/04/2024,28.8,28.2,28.85,28.2"
"10/04/2024,28.5,28.85,28.9,28.5"
"09/04/2024,28.85,28.15,29,28.05"
"08/04/2024,28.05,28.2,28.5,28"
"05/04/2024,28.2,29,29.35,28.2"
"04/04/2024,29.3,29.2,29.65,28.9"
"03/04/2024,29.25,29.95,30.2,29.2"
"02/04/2024,29.9,29.6,29.9,29"
"01/04/2024,29.75,29.5,30,29"
"29/03/2024,29.5,30,30.05,29.5"
"28/03/2024,30.05,29.5,30.05,29.4"
"27/03/2024,29,28.6,29,28.3"
"26/03/2024,28.3,27.9,28.6,27.7"
"25/03/2024,28.1,28.7,28.85,28"
"22/03/2024,28.6,28.45,28.95,28.3"
"21/03/2024,28.25,28.35,28.7,28.15"
"20/03/2024,27.95,27.45,27.95,27.15"
"18/03/2024,27.1,28.35,28.45,26.5"
"15/03/2024,28.3,28.5,28.6,28"
"14/03/2024,28.65,29.25,29.35,28.4"
"13/03/2024,29.05,28.15,29.1,27.9"
"12/03/2024,28.05,27.8,28.15,27.5"
"11/03/2024,27.8,28.35,28.35,27.5"
"08/03/2024,28.3,29.2,29.35,28.3"
"07/03/2024,29,28.4,29.2,28.4"
"06/03/2024,28.4,28.9,29.1,28.25"
"05/03/2024,29,28.4,29.1,28.15"
"04/03/2024,28.5,28.7,28.95,28.3"
"01/03/2024,28.3,28.35,29,28.1"
"29/02/2024,27.95,28.7,28.85,27.85"
"28/02/2024,28.5,28.35,28.8,27.85"
"27/02/2024,28.3,28.5,28.85,28.2"
"26/02/2024,28.3,26.65,28.3,26.6"
"23/02/2024,26.45,26.7,27.15,26.3"
"22/02/2024,26.55,26.8,26.85,26.55"
"21/02/2024,26.85,26.75,26.9,26.5"
"19/02/2024,26.8,26.95,27,26.5"
"16/02/2024,26.95,27.05,27.3,26.85"
"15/02/2024,27,27.5,27.5,26.85"
"07/02/2024,27.3,27.45,27.65,27.25"
"06/02/2024,27.3,27,27.8,27"
"05/02/2024,26.95,26.7,27.1,26.4"
"02/02/2024,26.8,26.85,27.15,26.65"
"01/02/2024,26.7,26.55,27,26.45"
"31/01/2024,26.5,27.1,27.6,26.5"
"30/01/2024,26.95,26.45,27.05,26.35"
"29/01/2024,26.45,27,27.15,26.3"
"26/01/2024,26.85,26.35,27.4,26.3"
"25/01/2024,26.3,26.45,26.7,26.1"
"24/01/2024,26.2,25.1,26.8,25.1"
"23/01/2024,25.1,24.9,25.15,24.7"
"22/01/2024,24.85,24.55,24.85,24.1"
"19/01/2024,24.4,24.8,24.85,24.4"
"18/01/2024,24.6,24.9,25,24.6"
"17/01/2024,24.85,24.8,25.4,24.5"
"15/01/2024,24.25,24.7,24.85,24.25"
"12/01/2024,24.55,24.3,24.7,23.75"
"11/01/2024,24.35,24.2,24.65,24.15"
"10/01/2024,24.15,24.4,24.45,24.05"
"09/01/2024,24.35,24.7,24.7,24.25"
"08/01/2024,24.6,24.7,24.85,24.55"
"05/01/2024,24.6,24.75,24.8,24.25"
"04/01/2024,24.7,24.7,25.1,24.7"
"03/01/2024,24.8,24.7,24.9,24.55"
"02/01/2024,24.7,25.4,25.4,24.65"
"29/12/2023,34.2,34,34.3,33.85"
"28/12/2023,34,33.8,34,33.5"
"27/12/2023,33.4,32.9,34,32.85"
"26/12/2023,32.75,32.9,33.05,32.7"
"25/12/2023,32.8,32.6,33,32.25"
"22/12/2023,32.4,32.8,33.1,32.3"
"21/12/2023,32.7,32.6,33.1,32.35"
"20/12/2023,32.65,31.55,33.1,31.55"
"19/12/2023,31.5,31,31.5,30.8"
"15/12/2023,31.5,30.8,31.55,30.6"
"14/12/2023,30.75,31.45,31.5,30.5"
"13/12/2023,31.05,32,32.15,31"
"12/12/2023,31.7,32.05,32.35,31.65"
"11/12/2023,32,31.3,32.3,31.15"
"08/12/2023,31,31,31.3,30.75"
"07/12/2023,30.85,31.75,31.8,30.1"
"06/12/2023,31.5,31,31.6,30.8"
"05/12/2023,30.75,31.15,31.2,30.65"
"04/12/2023,31,30.05,31.5,29.95"
"01/12/2023,29.5,29.7,29.9,29.15"
"30/11/2023,29.25,29.4,29.75,29.25"
"29/11/2023,29.3,29.15,29.6,29.15"
"28/11/2023,29.2,28.7,29.25,28.05"
"27/11/2023,28.7,29.4,29.5,28.6"
"24/11/2023,29.4,29.1,29.4,28.1"
"23/11/2023,28.6,30.6,30.8,28.6"
"22/11/2023,30.3,29.45,30.45,29.45"
"21/11/2023,29.5,29.7,29.75,29.3"
"17/11/2023,28.7,29.7,29.9,28.6"
"16/11/2023,29.6,29.4,29.6,28.95"
"15/11/2023,29.45,30.15,30.3,29.35"
"14/11/2023,29.4,29.6,29.75,29.05"
"13/11/2023,29.2,28.8,29.3,28.4"
"10/11/2023,28.9,28.7,29.8,28.5"
"09/11/2023,29,29,29.8,28.8"
"08/11/2023,28.8,27,28.8,26.9"
"07/11/2023,26.95,27.3,27.7,26.95"
"06/11/2023,27.4,27.3,27.55,27.1"
"03/11/2023,27,27.55,27.6,26.75"
"02/11/2023,27.4,26.5,27.7,26.35"
"01/11/2023,26,24.5,26.05,24.25"
"31/10/2023,24.4,26.3,26.3,24.3"
"30/10/2023,26,27.1,27.6,26"
"27/10/2023,27.5,27.3,27.9,26.4"
"26/10/2023,26.8,28,28.05,26.7"
"25/10/2023,28.7,29.55,29.7,28.65"
"24/10/2023,29.5,28.95,29.65,28.95"
"20/10/2023,28.9,27.15,28.9,27"
"19/10/2023,27.05,28,28.2,27"
"18/10/2023,28,28.6,29,26.2"
"17/10/2023,28.05,30.4,30.75,28.05"
"16/10/2023,30.15,31.2,31.35,30.15"
"13/10/2023,31.4,31.1,31.6,30.55"
"12/10/2023,31.5,31.4,32.1,31.2"
"11/10/2023,31.15,30.2,31.15,30.05"
"10/10/2023,30.2,30.8,31,30"
"09/10/2023,30.5,29.85,30.5,29.65"
"06/10/2023,29.85,29,29.85,28.45"
"05/10/2023,29,29.95,30.25,29"
"04/10/2023,29.7,28.8,30.6,28.6"
"03/10/2023,29,30.7,30.75,29"
"02/10/2023,31.1,30.4,31.25,30.4"
"29/09/2023,30.55,31.25,31.5,30.2"
"28/09/2023,30.85,31.4,31.5,30.6"
"27/09/2023,31.5,30.5,31.5,29.95"
"26/09/2023,30,29.65,31.35,29.6"
"22/09/2023,31.85,33,33.3,31.85"
"21/09/2023,34.2,35.3,35.3,34.2"
"20/09/2023,35.3,34.9,35.5,34.8"
"19/09/2023,34.65,34.95,34.95,34.2"
"18/09/2023,34.6,34.3,34.9,34"
"15/09/2023,34.45,34.5,34.85,34"
"14/09/2023,34.25,35.45,35.75,34.25"
"13/09/2023,35.4,35.9,36.15,35"
"12/09/2023,35.85,34,35.9,33.85"
"11/09/2023,33.95,34.3,34.8,33.85"
"08/09/2023,34,33.5,34.4,33.4"
"07/09/2023,33.55,34.2,34.25,33.4"
"06/09/2023,34.05,33.5,34.95,33.15"
"05/09/2023,33.5,32.95,33.95,32.7"
"31/08/2023,32.7,33,33.45,32.65"
"30/08/2023,32.7,30.85,32.7,30.6"
"29/08/2023,30.6,30.45,31,30.2"
"28/08/2023,30.2,30.25,30.3,29.85"
"25/08/2023,29.9,29.7,30.45,29.55"
"23/08/2023,28.85,29.5,29.5,28.65"
"22/08/2023,29.2,28.55,29.2,27.1"
"21/08/2023,28.5,28.7,28.95,28.05"
"18/08/2023,28.4,30.4,30.5,28.4"
"17/08/2023,30.5,30.5,31.4,30.45"
"16/08/2023,30.3,30.15,30.4,29.9"
"15/08/2023,30.15,30.7,30.85,30.05"
"14/08/2023,30.65,29.9,30.85,29.5"
"11/08/2023,29.5,29.95,30,29.1"
"10/08/2023,29.85,30.6,30.7,29.85"
"09/08/2023,30.55,31.1,31.3,30.55"
"08/08/2023,31.2,31.5,31.95,31.15"
"07/08/2023,31.3,30.65,31.3,30.5"
"04/08/2023,30.3,30,30.3,29.65"
"03/08/2023,29.7,30.2,30.3,29.7"
"02/08/2023,30.2,30.05,30.5,29.95"
"01/08/2023,30,30.8,30.85,30"
"31/07/2023,30.8,31.15,31.2,30.7"
"28/07/2023,30.85,30.5,31.15,30.35"
"26/07/2023,30.25,30.3,30.45,30"
"25/07/2023,30.3,30.5,30.95,30.25"
"24/07/2023,30.5,30.8,30.85,30.2"
"21/07/2023,30.45,29.7,30.45,29.7"
"20/07/2023,29.9,30.3,30.4,29.6"
"19/07/2023,30.3,30.9,31,30.3"
"18/07/2023,30.85,30.75,31.15,30.65"
"17/07/2023,30.95,30.4,31.3,30.3"
"14/07/2023,30.35,30.4,30.55,29.6"
"13/07/2023,30.3,30.1,30.4,29.95"
"12/07/2023,29.8,30.2,30.55,29.5"
"11/07/2023,30.2,30.15,30.55,30"
"10/07/2023,30.05,30.1,30.6,30.05"
"07/07/2023,29.8,29.3,29.8,28.95"
"06/07/2023,29.6,29.4,30.25,28.9"
"05/07/2023,29.55,29.8,29.9,29.2"
"04/07/2023,29.8,28.4,29.8,28.2"
"03/07/2023,28.2,28.25,28.55,28.1"
"30/06/2023,28.15,28,28.4,27.9"
"28/06/2023,29.05,29,29.35,28.7"
"27/06/2023,28.8,28.7,28.8,28.4"
"26/06/2023,28.5,28.9,28.9,27.8"
"23/06/2023,28.7,29,29.15,28.35"
"22/06/2023,28.9,28.65,29.1,28.35"
"21/06/2023,28.5,27.4,28.55,27.35"
"20/06/2023,27.3,27.15,27.3,26.85"
"19/06/2023,27.1,26.9,27.3,26.6"
"16/06/2023,26.85,26.5,27.75,26.5"
"15/06/2023,26.35,26.15,26.6,26"
"14/06/2023,26.1,26.35,26.65,26"
"13/06/2023,26.15,26.55,26.6,26.15"
"12/06/2023,26.4,26.7,26.7,26"
"09/06/2023,26.6,26.3,26.6,25.9"
"08/06/2023,26.1,27.2,27.2,26"
"07/06/2023,27.55,27.8,27.8,27.3"
"06/06/2023,27.7,26.85,27.7,26.75"
"05/06/2023,26.85,27.75,27.75,26.85"
"02/06/2023,27.4,27.8,27.9,27.4"
"31/05/2023,27.1,27.35,27.55,26.9"
"30/05/2023,27.25,27.2,27.45,26.9"
"29/05/2023,27.2,26.75,27.2,26.5"
"26/05/2023,26.4,26.05,26.65,26"
"25/05/2023,26,26.15,26.45,25.9"
"24/05/2023,26.3,26.9,27,26.3"
"23/05/2023,26.65,26.3,27.25,26.3"
"22/05/2023,26.2,25.95,26.4,25.95"
"19/05/2023,25.75,25.7,26.1,25.5"
"18/05/2023,25.65,25.3,26.1,25.15"
"17/05/2023,25.2,25.5,25.65,25.15"
"16/05/2023,25.65,25.65,25.85,25.45"
"15/05/2023,25.65,26.25,26.35,25.6"
"12/05/2023,26.05,25.55,26.15,25.4"
"11/05/2023,25.55,25.6,25.8,25.4"
"10/05/2023,25.55,25.6,25.75,25.45"
"09/05/2023,25.5,25.7,25.7,25.2"
"08/05/2023,25.5,25.15,25.6,25.1"
"05/05/2023,24.95,25.3,25.4,24.95"
"28/04/2023,24.95,24.8,25,24.5"
"27/04/2023,24.5,24.85,25.1,24.5"
"26/04/2023,24.9,24.45,24.9,24.1"
"25/04/2023,24.6,25.55,25.55,24.25"
"24/04/2023,25.35,25.5,25.95,25.3"
"21/04/2023,25.6,25.5,26.25,25.3"
"20/04/2023,25.35,25.6,25.75,25.3"
"19/04/2023,25.6,26.25,26.45,25.6"
"18/04/2023,26.35,25.7,26.45,25.5"
"17/04/2023,25.55,25.45,25.6,25.15"
"14/04/2023,25.25,25.9,26.05,25.25"
"13/04/2023,25.7,25.35,26,25.2"
"12/04/2023,25.3,25.95,25.95,25.25"
"11/04/2023,25.9,25.6,26,25.15"
"10/04/2023,25.6,26.6,26.7,25.6"
"07/04/2023,26.2,25.85,26.35,25.6"
"06/04/2023,25.75,26.7,26.95,25.7"
"05/04/2023,26.75,26.5,26.75,26.1"
"04/04/2023,26.7,26,27,25.8"
"31/03/2023,25.5,24.8,25.9,24.3"
"30/03/2023,24.7,25.4,25.4,24.65"
"29/03/2023,24.85,24.5,24.85,24.35"
"28/03/2023,24.4,25.05,25.15,24.4"
"27/03/2023,24.85,24.6,25.3,24.4"
"24/03/2023,24.5,24.75,24.9,24.45"
"23/03/2023,24.5,23.6,24.5,23.6"
"22/03/2023,23.85,24.1,24.35,23.8"
"21/03/2023,23.9,23.45,23.95,23.2"
"20/03/2023,23.2,23.75,23.85,23.2"
"17/03/2023,23.75,24.3,24.4,23.6"
"16/03/2023,23.95,24.3,24.6,23.85"
"15/03/2023,24.5,23.75,24.5,23.6"
"14/03/2023,22.9,23.95,23.95,22.85"
"13/03/2023,24,24,24.45,23.65"
"10/03/2023,24.3,24.35,24.55,24"
"09/03/2023,24.6,24.85,25.1,24.5"
"08/03/2023,24.85,23.9,24.85,23.7"
"07/03/2023,24.1,23.5,24.3,23.45"
"03/03/2023,22.9,23.7,23.85,22.9"
"02/03/2023,23.5,24.2,24.2,23.4"
"01/03/2023,24,22.7,24,22.5"
"28/02/2023,22.7,23.1,23.4,22.65"
"27/02/2023,22.75,23.5,23.6,22.55"
"24/02/2023,24,25.05,25.15,23.9"
"23/02/2023,25.05,24.5,25.05,23.55"
"22/02/2023,24.2,25.8,26.1,24.2"
"21/02/2023,26,25.9,26.4,25.8"
"20/02/2023,25.85,24.3,25.85,24.3"
"17/02/2023,24.2,24.35,24.4,23.9"
"16/02/2023,24.35,23.6,24.35,23.55"
"15/02/2023,23.35,22.65,23.55,22.55"
"14/02/2023,22.8,22.9,23.05,22.55"
"13/02/2023,22.7,23.4,23.7,22.1"
"10/02/2023,23.7,23.8,24.35,23.5"
"09/02/2023,24.05,24.15,24.5,24"
"08/02/2023,24.15,23.7,24.4,22.85"
"07/02/2023,23.3,24,24.4,23.3"
"03/02/2023,23.6,23.6,24,23.2"
"02/02/2023,23.5,23.6,24,23.1"
"01/02/2023,23.45,25.15,25.3,23.45"
"31/01/2023,25.2,24.2,25.2,23.8"
"30/01/2023,24.3,24.3,24.9,24"
"27/01/2023,24.3,24.75,24.75,24.2"
"19/01/2023,24.3,23.55,24.3,23.55"
"18/01/2023,23.85,23.9,24.2,23.45"
"17/01/2023,23.9,23.45,23.9,23.2"
"16/01/2023,23.45,23.05,23.65,22.8"
"13/01/2023,22.85,23.05,23.6,22.75"
"12/01/2023,22.85,22.8,23.1,22.6"
"11/01/2023,22.95,22.7,23.45,22.55"
"10/01/2023,22.45,22.35,22.65,21.55"
"09/01/2023,22.3,22.5,22.85,22.2"
"06/01/2023,22.2,22.25,23.1,22.2"
"05/01/2023,22.3,21.7,22.45,21.65"
"04/01/2023,21.75,21.8,22.15,21.65"
"03/01/2023,21.4,20.3,21.4,20.25"
"29/12/2022,20.4,21.1,21.35,20.4"
"28/12/2022,21.35,21.5,21.75,20.9"
"27/12/2022,21.1,19.8,21.1,19.7"
"26/12/2022,19.75,21.5,21.55,19.75"
"23/12/2022,21.2,22,22.15,21.2"
"22/12/2022,22,22.65,22.65,21.6"
"21/12/2022,22.15,22.3,22.3,20.6"
"20/12/2022,21.85,22.4,22.7,21.1"
"19/12/2022,22.45,23.2,24.4,22.45"
"16/12/2022,23.15,23.1,23.9,22.8"
"15/12/2022,23.45,22.25,23.5,22.25"
"14/12/2022,22.6,23,23.2,22.4"
"13/12/2022,22.3,21,22.3,20.5"
"12/12/2022,20.85,22.2,23.2,20.85"
"09/12/2022,22.15,22.65,22.75,21.8"
"08/12/2022,22.6,21.7,22.6,21.5"
"07/12/2022,21.15,21.6,22,20.9"
"06/12/2022,21.8,22.8,23.3,21.8"
"05/12/2022,23.4,23.5,23.75,22.6"
"01/12/2022,20.95,22.5,22.5,20.7"
"30/11/2022,21.95,21,22.45,20.8"
"29/11/2022,21.45,21.25,22.05,20.3"
"28/11/2022,21.25,20.55,21.4,20.35"
"25/11/2022,20.05,19.35,20.05,18.8"
"24/11/2022,18.75,17.55,18.75,17.3"
"23/11/2022,17.7,18.75,19.1,17.7"
"22/11/2022,19,18.35,19.75,18.15"
"21/11/2022,18.5,18.7,19.05,18.3"
"18/11/2022,18.5,17.3,18.8,16.7"
"17/11/2022,17.6,17.1,17.6,17"
"16/11/2022,16.45,14.35,16.45,14.35"
"15/11/2022,15.4,16.15,16.6,15.4"
"14/11/2022,16.55,17.05,17.5,16.45"
"11/11/2022,17.65,19.5,19.9,17.65"
"10/11/2022,18.95,19.85,20,18.95"
"09/11/2022,20.35,20.45,20.9,19.8"
"08/11/2022,20.15,18.7,20.3,18.65"
"07/11/2022,19.3,20.5,21.1,19.3"
"03/11/2022,21.1,20.5,21.9,20.4"
"02/11/2022,20.9,20.8,21.2,20.55"
"01/11/2022,20.8,21.1,21.3,20.65"
"31/10/2022,20.5,19.25,20.5,19.05"
"28/10/2022,19.2,19.35,19.7,19.15"
"27/10/2022,18.85,18.2,18.85,17.7"
"26/10/2022,17.65,18.35,18.45,17.35"
"25/10/2022,17.95,17.4,18.5,16.2"
"24/10/2022,17.3,18.65,18.95,17.3"
"21/10/2022,18.6,20.05,20.2,18.6"
"20/10/2022,20,20.5,20.65,20"
"19/10/2022,20.55,20.8,21,20.5"
"18/10/2022,20.6,21.3,21.55,20.5"
"17/10/2022,20.9,20,20.9,19.75"
"14/10/2022,20.25,20.25,20.75,20.05"
"13/10/2022,19.6,19.4,19.75,19.15"
"12/10/2022,19.3,18.65,19.95,18.65"
"11/10/2022,18.65,20.05,20.05,18.65"
"10/10/2022,20.05,19,20.5,19"
"06/10/2022,20.75,22.3,22.3,20.75"
"05/10/2022,22.3,21.3,22.65,21.3"
"04/10/2022,21.3,23.1,23.2,21.25"
"03/10/2022,22.8,24.3,24.3,22.8"
"30/09/2022,24.5,24.55,24.9,22.85"
"29/09/2022,24.55,26.75,26.75,24.55"
"28/09/2022,26.2,25.9,26.9,25.7"
"27/09/2022,25.9,25.8,26.6,25.5"
"26/09/2022,25.8,26,26.35,24.65"
"23/09/2022,26.5,27.05,27.3,26.5"
"22/09/2022,27.2,25.6,27.2,25.5"
"21/09/2022,25.85,25.1,26.15,25.1"
"20/09/2022,25.45,25.2,25.75,24.5"
"19/09/2022,24.85,26.3,26.4,24.75"
"16/09/2022,26.3,26.8,27.2,26.2"
"15/09/2022,26.9,27.3,27.4,26.8"
"14/09/2022,27.2,25.3,27.2,25.05"
"13/09/2022,25.7,25.1,25.7,24.6"
"12/09/2022,25.1,25.75,25.75,25.1"
"08/09/2022,24.75,25.1,25.3,24.5"
"07/09/2022,24.6,26.2,26.7,24.55"
"06/09/2022,26.3,26.65,26.9,26.3"
"05/09/2022,26.45,25.9,26.7,25.9"
"31/08/2022,26.1,25.7,26.6,25.7"
"30/08/2022,26.1,27,27.1,26"
"29/08/2022,26.8,26.7,27,25.7"
"26/08/2022,27.5,28.35,28.35,27.3"
"25/08/2022,28.35,28.3,28.8,28.25"
"24/08/2022,28.25,28.5,28.75,28.15"
"23/08/2022,28.5,27.2,28.5,27"
"22/08/2022,27.7,28,28.2,27.4"
"19/08/2022,28.15,28.3,28.4,27.85"
"18/08/2022,28.3,27,28.5,27"
"17/08/2022,27,27,27.75,26.75"
"16/08/2022,26.8,27,27.2,26.8"
"15/08/2022,27.1,27.5,27.65,26.9"
"12/08/2022,27.3,26.8,27.45,26.6"
"11/08/2022,26.85,27.9,27.95,26.55"
"09/08/2022,27,27.2,27.55,26.8"
"08/08/2022,27.3,27.6,27.75,27.2"
"05/08/2022,27.7,27.3,28.2,27.2"
"04/08/2022,27.45,27,27.75,26.85"
"03/08/2022,26.8,26.55,27,26.25"
"02/08/2022,26.65,26.9,27.45,26.3"
"01/08/2022,27.05,26.2,27.45,26.05"
"29/07/2022,26.1,26.3,26.75,25.7"
"28/07/2022,26,26.45,26.95,25.95"
"27/07/2022,25.7,25.05,26.05,25.05"
"26/07/2022,25.3,25.65,25.95,25.25"
"25/07/2022,25.75,24.3,26.2,24"
"22/07/2022,24.65,25,25.5,24.65"
"21/07/2022,25.3,25.6,25.95,25.2"
"20/07/2022,26,25.6,26.7,25.4"
"19/07/2022,25,24.3,25.5,24.1"
"18/07/2022,24.6,24.4,25.15,24.1"
"15/07/2022,24.2,25.15,25.2,24.2"
"14/07/2022,24.75,23,24.75,23"
"12/07/2022,23.5,22.9,23.8,22.3"
"11/07/2022,22.65,23.8,24.2,22.6"
"08/07/2022,24.3,23.75,24.5,23.35"
"07/07/2022,23.4,22.95,23.9,22.75"
"06/07/2022,22.7,22.55,24.1,22.3"
"05/07/2022,23.05,23,23.75,22.75"
"04/07/2022,23.1,22.65,23.1,22.25"
"01/07/2022,21.6,20.35,21.6,20.05"
"30/06/2022,20.2,21.5,21.9,20.2"
"29/06/2022,21.65,21,22.15,21"
"28/06/2022,21.25,21.4,21.85,21"
"27/06/2022,21.25,20.15,21.25,20"
"24/06/2022,19.9,19.5,20.45,19.5"
"23/06/2022,20.1,18.85,20.1,18.6"
"22/06/2022,18.95,18.8,18.95,18.6"
"21/06/2022,17.75,16.8,17.75,16.5"
"20/06/2022,16.6,18.1,18.35,16.6"
"17/06/2022,17.8,17.7,18.35,17.4"
"16/06/2022,18.5,19.15,19.2,18.1"
"14/06/2022,19.8,20.2,20.95,19.7"
"13/06/2022,20.95,21.3,21.8,20.95"
"10/06/2022,22.5,23.15,23.5,22.5"
"09/06/2022,23.5,23.75,23.9,23.5"
"08/06/2022,23.65,23,23.8,22.85"
"07/06/2022,22.8,23.05,23.25,21.8"
"06/06/2022,23.25,23.35,24,23.15"
"03/06/2022,23.55,23.2,23.75,22.85"
"02/06/2022,23.3,23.95,24.45,23.3"
"01/06/2022,23.85,23.8,24.2,23.3"
"31/05/2022,23.75,24,24.3,23.6"
"30/05/2022,24.2,24.4,24.85,24.1"
"27/05/2022,24.2,24.45,24.9,23.95"
"26/05/2022,24.45,24,25.15,23.9"
"25/05/2022,24,23,24.15,23"
"24/05/2022,22.8,21.5,22.8,21"
"23/05/2022,21.5,23.15,23.3,21.5"
"20/05/2022,23.1,23.5,24.25,23"
"19/05/2022,23.35,22.3,23.6,22"
"17/05/2022,22.6,21,22.6,20.8"
"16/05/2022,21.15,21.15,21.15,20.65"
"13/05/2022,19.8,21.2,21.5,19.8"
"12/05/2022,21.15,22.25,22.6,21.15"
"11/05/2022,22.7,22.8,23,22.2"
"10/05/2022,22.8,21.7,22.95,20.8"
"09/05/2022,21.7,22.5,23.1,21.7"
"06/05/2022,23.3,24.2,24.8,23.3"
"05/05/2022,25.05,26.1,26.35,24.55"
"04/05/2022,25.7,26.7,26.85,25.7"
"29/04/2022,26.55,26.3,27.2,26.15"
"28/04/2022,26.6,27,27.45,26.6"
"27/04/2022,26.95,26.5,27.25,26.4"
"26/04/2022,26.9,24.8,26.9,24.05"
"25/04/2022,25.6,27.5,27.9,25.6"
"22/04/2022,27.5,28.2,28.75,26.55"
"21/04/2022,28.1,26.95,28.8,26.2"
"20/04/2022,27.2,26.6,27.9,26.6"
"19/04/2022,26.6,29.55,29.55,26.6"
"15/04/2022,30.5,32,32.3,30.5"
"14/04/2022,32,32.9,32.9,32"
"13/04/2022,32.5,32.3,32.85,31.5"
"12/04/2022,32.3,34.95,34.95,32.3"
"08/04/2022,34.5,34.9,35.2,34.4"
"07/04/2022,34.8,35.4,35.45,34.75"
"06/04/2022,35.25,35.05,35.7,35"
"05/04/2022,35.3,36,36.55,35.3"
"04/04/2022,36,35.2,36.5,35.05"
"01/04/2022,34.45,34.1,34.5,33.95"
"31/03/2022,34.1,34.5,34.75,34.1"
"30/03/2022,34.3,34.3,35.1,34.1"
"29/03/2022,34.5,34.35,34.7,34.3"
"28/03/2022,34,34.8,35.15,33.9"
"25/03/2022,35.2,35.6,35.8,35.2"
"24/03/2022,35.6,36.15,36.15,35.6"
"23/03/2022,36.15,35.95,36.35,35.95"
"22/03/2022,35.9,35.85,36.15,35.65"
"21/03/2022,35.5,35.4,35.6,35.25"
"17/03/2022,35.4,35.35,35.65,35.3"
"16/03/2022,35,35.1,35.35,34.95"
"15/03/2022,34.8,34.8,35.35,34.75"
"14/03/2022,34.8,36.2,36.2,34.8"
"11/03/2022,36.2,37.1,37.5,36.15"
"10/03/2022,37.3,37.9,37.95,37.25"
"09/03/2022,37.1,37.8,38.1,36.85"
"08/03/2022,37.7,37.4,38.7,37.4"
"07/03/2022,37.9,37.6,38.1,37.45"
"04/03/2022,38.05,37.95,38.85,37.9"
"03/03/2022,37.55,37.6,37.8,37.05"
"02/03/2022,37.1,38,38.15,37.1"
"01/03/2022,37.9,37.75,38.15,37.65"
"28/02/2022,37.65,38,38.4,37.5"
"25/02/2022,37.8,37.8,38.4,37.3"
"24/02/2022,37.15,38,38.7,36.5"
"23/02/2022,38.1,38.1,38.5,38"
"22/02/2022,37.9,38,38.4,37.05"
"21/02/2022,38.5,37.95,39,37.9"
"17/02/2022,37.1,37.5,37.5,37.05"
"16/02/2022,37.3,37.1,37.65,36.85"
"15/02/2022,36.85,36.95,37.4,36.35"
"14/02/2022,36.95,37.4,37.8,36.95"
"11/02/2022,38.5,38,38.9,38"
"10/02/2022,38.3,38.9,38.9,38.15"
"09/02/2022,38.55,38.7,39.2,38.5"
"08/02/2022,38.7,38.2,38.95,38"
"07/02/2022,38.5,38,39.2,37.6"
"28/01/2022,37.15,36.4,37.8,36.15"
"27/01/2022,36,35.1,36.55,35.1"
"26/01/2022,35,36.5,36.5,35"
"25/01/2022,36.1,35.45,36.4,35.3"
"24/01/2022,35.45,37.45,37.8,35.45"
"21/01/2022,38.1,39,39.2,37.9"
"20/01/2022,38.9,39.2,39.2,38.2"
"19/01/2022,38,37.8,38.5,37.5"
"18/01/2022,36.9,37.3,38.4,36.6"
"17/01/2022,38.8,41.8,41.95,38.8"
"13/01/2022,41.8,43,43.25,41.75"
"12/01/2022,42.65,41.7,43.2,41.1"
"11/01/2022,41.7,43.5,43.9,41.25"
"10/01/2022,43.45,44.85,45,43.4"
"07/01/2022,44.85,45,45.9,44.8"
"06/01/2022,45,45.6,45.9,45"
"05/01/2022,45.8,46,46.8,45.75"
"04/01/2022,45.85,45.7,46.55,45.5"
"31/12/2021,45.5,46.45,46.6,45.45"
"30/12/2021,45.95,44.4,46,44.3"
"29/12/2021,44,43.45,44.6,43.25"
"28/12/2021,43.35,44.1,44.3,43.35"
"27/12/2021,43.9,44.8,44.9,43.9"
"24/12/2021,44,43.65,44.5,43.4"
"23/12/2021,43.4,44.6,44.7,42.2"
"22/12/2021,45,46.5,46.5,45"
"21/12/2021,45.8,46.8,47.4,45.8"
"20/12/2021,47,46.2,47.8,45.8"
"17/12/2021,46.15,44,46.3,43.75"
"15/12/2021,44.2,44.9,45.4,44.2"
"14/12/2021,45.1,45,45.85,44.6"
"13/12/2021,44.7,44,44.7,43.65"
"10/12/2021,43.8,44.7,44.75,43.75"
"09/12/2021,44.5,43.6,44.5,43.4"
"08/12/2021,44,44.8,44.8,43.5"
"07/12/2021,43.95,43.4,44.15,42.15"
"06/12/2021,42.2,44,44.8,41.05"
"03/12/2021,44.5,47.7,47.9,44.5"
"02/12/2021,47.7,48.25,48.6,47.7"
"01/12/2021,48.25,48.8,49.1,47.5"
"30/11/2021,49,50,50.7,48.8"
"29/11/2021,49.2,48,49.6,48"
"26/11/2021,48.7,47.6,50.3,47.6"
"25/11/2021,47.7,47.6,48.75,46.85"
"24/11/2021,47.3,47.5,48.35,46.9"
"23/11/2021,46.5,45,46.5,44.2"
"22/11/2021,45,46.15,47,45"
"19/11/2021,46.6,48.5,48.5,44.8"
"17/11/2021,45.3,45,46.5,45"
"16/11/2021,45,45,46.05,44.7"
"15/11/2021,45.6,45.3,46.25,45.15"
"12/11/2021,44.25,43.5,44.3,43.2"
"11/11/2021,43.85,44.2,44.75,42.5"
"10/11/2021,44,43.8,44.7,43.45"
"09/11/2021,43.45,44.2,44.25,43"
"08/11/2021,44,42.4,44.4,42.3"
"05/11/2021,42.1,42.4,42.4,41.85"
"04/11/2021,41.85,39.9,42.3,39.85"
"03/11/2021,39.75,40.6,40.9,39.5"
"02/11/2021,40.3,39.5,40.4,39.5"
"01/11/2021,39.5,38.5,39.7,38.3"
"29/10/2021,38.2,39,39,38"
"28/10/2021,38.7,38.3,39.1,38.3"
"27/10/2021,38.15,36.95,38.2,36.95"
"26/10/2021,36.9,36.5,37.5,35.65"
"25/10/2021,36.5,37.5,37.55,36.5"
"22/10/2021,37.5,38.15,38.15,37.5"
"20/10/2021,38.65,39,39.05,38.2"
"19/10/2021,38.95,38.9,39.4,38.55"
"18/10/2021,38.65,38.4,39.05,38.05"
"15/10/2021,38.05,38.4,38.5,38"
"14/10/2021,38.15,38,38.5,37.95"
"13/10/2021,37.9,38.5,38.8,37.9"
"12/10/2021,38.5,39.3,39.35,38.5"
"11/10/2021,39,38,39.15,38"
"08/10/2021,48.7,49.1,49.8,48.55"
"07/10/2021,49,49.5,50,49"
"06/10/2021,49.5,50.5,50.6,49.5"
"05/10/2021,50.2,48.9,50.8,48.8"
"04/10/2021,48.3,50.2,50.4,48.3"
"01/10/2021,50.5,51.7,52.6,50.5"
"30/09/2021,52,52.7,53.2,52"
"29/09/2021,52.6,53.9,54,52.5"
"28/09/2021,53.8,51.6,53.8,51"
"27/09/2021,51.7,54.7,54.9,51.5"
"24/09/2021,54.5,55.1,55.8,54.5"
"22/09/2021,53.1,53.4,53.6,52.7"
"21/09/2021,52.9,53.3,54,52.4"
"20/09/2021,54.1,54.4,54.9,53.3"
"17/09/2021,53.7,52.8,54.1,52.4"
"16/09/2021,52.2,53,53.3,52.2"
"15/09/2021,53.1,51.3,53.5,51.2"
"14/09/2021,51.5,53.2,53.7,51.5"
"13/09/2021,53.3,55,55.1,52.8"
"10/09/2021,55.2,55.7,56.3,55"
"09/09/2021,55.5,55,55.8,54.9"
"08/09/2021,55.2,56.9,57.3,54.5"
"07/09/2021,56.3,56,57.4,55.9"
"06/09/2021,55.6,55.6,55.8,54.6"
"01/09/2021,54.9,54.4,55.5,53.9"
"31/08/2021,54.6,55.5,55.8,54.6"
"30/08/2021,55.5,53.9,55.5,53"
"27/08/2021,53.5,51.7,53.5,50.9"
"26/08/2021,52.3,54.2,54.5,51.8"
"25/08/2021,54.2,53.2,54.3,52.3"
"23/08/2021,57.1,57,58.2,56.2"
"20/08/2021,57,56.3,58,55.1"
"19/08/2021,56.4,55.9,56.8,55"
"18/08/2021,55.9,54.7,56.9,54.3"
"17/08/2021,55,55.4,55.8,54.5"
"16/08/2021,55.7,54.1,56.1,54"
"13/08/2021,52.9,51,52.9,50.9"
"12/08/2021,50.8,50.7,52,50.4"
"11/08/2021,51,51.7,52.9,51"
"10/08/2021,51.7,52.5,52.5,51.2"
"09/08/2021,51.8,49,52.1,48.9"
"06/08/2021,49.3,50.4,50.6,49.3"
"05/08/2021,50.5,49.5,50.6,49.1"
"04/08/2021,49.95,50,50.6,49.35"
"03/08/2021,49.5,48.1,49.5,47.5"
"02/08/2021,48.1,47.8,48.7,47.25"
"30/07/2021,47.85,47.2,48.5,47"
"29/07/2021,46.95,46.5,46.95,46.2"
"28/07/2021,45.9,45.7,46.5,45.5"
"26/07/2021,44.7,45.05,45.6,44"
"23/07/2021,45.25,46.4,46.7,45.25"
"22/07/2021,46.65,46,47.3,45.75"
"21/07/2021,46.1,47.5,48.05,46"
"20/07/2021,47.5,44.8,47.6,43.9"
"19/07/2021,44.5,46,46.8,44.5"
"16/07/2021,47.8,48.2,48.7,47.7"
"15/07/2021,48.2,45.5,48.2,45.5"
"14/07/2021,46.1,47.5,48.25,45"
"13/07/2021,47.5,45.9,47.5,44.9"
"12/07/2021,44.75,46.5,47.4,44.75"
"09/07/2021,48.1,49.5,51.1,47.8"
"08/07/2021,50.6,51,52.5,50.1"
"07/07/2021,51,49.8,51.2,47"
"06/07/2021,49.4,53,54.8,49.4"
"05/07/2021,53.1,53.7,54.5,51.9"
"02/07/2021,54.5,54.5,56.5,53.5"
"01/07/2021,54,52.3,54.2,51.7"
"30/06/2021,51.1,50.1,51.5,50.1"
"28/06/2021,49,49.9,49.9,48.5"
"25/06/2021,48.35,45.5,48.35,45.1"
"24/06/2021,45.2,46.5,46.5,44.7"
"23/06/2021,46.1,44.65,46.95,44.65"
"22/06/2021,44.5,44,44.9,43.6"
"21/06/2021,43.8,44,45.4,43.5"
"18/06/2021,44.6,45,45.3,44.1"
"17/06/2021,44.45,43.1,44.8,43.1"
"16/06/2021,44.5,44,45.5,43.1"
"15/06/2021,44.9,42.9,45.1,42.6"
"14/06/2021,42.15,39.5,42.15,39.1"
"11/06/2021,39.4,38.15,40,37.5"
"10/06/2021,38.15,38.1,38.95,37.3"
"09/06/2021,38.2,37.5,39.5,36.3"
"08/06/2021,37.15,39.1,40.1,37.15"
"07/06/2021,39.9,41.2,41.8,38.9"
"04/06/2021,41.8,42,42.6,41.3"
"03/06/2021,42,41,42.5,40"
"02/06/2021,39.8,38.1,39.8,37.8"
"31/05/2021,39.25,38.3,39.45,37.7"
"28/05/2021,37.45,36.45,37.45,36.05"
"27/05/2021,36.3,37.05,37.45,35.9"
"26/05/2021,37.05,37.45,37.75,37"
"25/05/2021,37.45,37,37.7,36.8"
"24/05/2021,37.2,36.3,37.4,36"
"21/05/2021,36.2,36.8,37.45,36.2"
"20/05/2021,37,35.5,37.5,35.4"
"19/05/2021,35.45,34.5,35.5,34.4"
"18/05/2021,34.5,34.5,35.1,34.15"
"17/05/2021,34.6,35.8,35.8,34.5"
"14/05/2021,35.4,35.5,35.7,34.95"
"13/05/2021,35.05,33.5,35.8,33.5"
"12/05/2021,33.8,32.3,33.8,32.3"
"11/05/2021,32.6,33.5,34.15,32.6"
"10/05/2021,33.9,31.6,33.9,31.3"
"07/05/2021,31.75,31.4,32.3,31"
"06/05/2021,31.8,31.75,32.35,31.7"
"05/05/2021,31.9,31.5,32.4,31.35"
"29/04/2021,30.7,30.6,31.4,30.6"
"28/04/2021,30.4,30,30.7,30"
"27/04/2021,30,30.1,30.5,29.9"
"26/04/2021,30.1,31.7,31.7,30.1"
"23/04/2021,31.5,30.1,31.5,29.6"
"22/04/2021,30,31.9,32,30"
"20/04/2021,32,33,33.3,31.8"
"19/04/2021,32.85,32.9,32.9,31.7"
"16/04/2021,32,32.6,33.1,31.5"
"15/04/2021,33,33.9,33.95,33"
"14/04/2021,33.9,33,33.95,32.8"
"13/04/2021,33.2,35,35,33.2"
"12/04/2021,34.6,34.15,34.7,33.55"
"09/04/2021,33.7,33.1,34.25,33"
"08/04/2021,33.05,33.45,33.5,32.9"
"07/04/2021,33.2,33,33.3,32.8"
"06/04/2021,33,33,33.6,32.8"
"05/04/2021,33.3,33.5,33.5,32.8"
"02/04/2021,32.7,33.4,33.5,32.6"
"31/03/2021,30.9,31.2,31.45,30.8"
"30/03/2021,31.1,30.6,31.1,30.45"
"29/03/2021,30.45,30.25,30.55,29.95"
"26/03/2021,29.6,29.9,30.5,29.15"
"25/03/2021,30,30.5,30.6,29.8"
"24/03/2021,30,31,31.35,30"
"23/03/2021,31.45,32.15,32.15,31.35"
"22/03/2021,32.05,32.6,32.8,32.05"
"19/03/2021,32.7,32.35,32.9,32.1"
"18/03/2021,32.25,32.2,32.5,31.9"
"17/03/2021,31.8,31.35,31.9,31.35"
"16/03/2021,31.45,32.05,32.15,31.3"
"15/03/2021,32.05,32.5,32.6,32"
"12/03/2021,32.5,32.6,32.8,32.2"
"11/03/2021,32.6,32.5,33.2,32.4"
"10/03/2021,32.05,31.2,32.15,30.9"
"09/03/2021,31.2,31.25,31.6,30.75"
"08/03/2021,31.6,31.7,32.4,31.2"
"05/03/2021,31,30,31,29.55"
"03/03/2021,31.15,31.1,31.25,30.85"
"02/03/2021,31,31.4,31.45,30.8"
"01/03/2021,30.95,29.9,30.95,29.4"
"26/02/2021,29.15,28.85,29.3,28.75"
"25/02/2021,29.3,29.7,29.75,29"
"24/02/2021,29.2,30,30.4,29"
"23/02/2021,29.6,29.2,29.95,29"
"22/02/2021,29.3,29.25,29.75,29"
"19/02/2021,29.05,28.8,29.6,28.6"
"18/02/2021,29.2,29.3,29.8,29"
"17/02/2021,29.4,28.9,29.5,28.4"
"09/02/2021,28.2,27.45,28.25,26.9"
"08/02/2021,27.45,27.45,29.2,26.5"
"05/02/2021,28,27.5,28.3,27.3"
"04/02/2021,27.3,27.3,27.95,26.8"
"03/02/2021,27.3,26.3,27.35,25.85"
"02/02/2021,25.6,25.05,25.85,24.15"
"01/02/2021,25.05,26.6,27.25,25.05"
"29/01/2021,26.9,24.2,27.6,24.2"
"27/01/2021,27.75,29.5,29.8,27.75"
"26/01/2021,29.8,31.35,31.4,29.5"
"25/01/2021,31.4,30.25,31.75,28.75"
"22/01/2021,30.8,31.1,31.6,30.6"
"21/01/2021,31.5,31,31.7,30.2"
"20/01/2021,31,31.3,31.6,28.85"
"19/01/2021,31,33.1,33.15,31"
"18/01/2021,33.3,34.25,34.25,33.25"
"15/01/2021,34.15,34.05,34.5,33.75"
"14/01/2021,33.65,31.85,34.05,31.5"
"13/01/2021,31.85,32.3,32.3,31.75"
"12/01/2021,32.3,31.6,32.5,31.2"
"11/01/2021,31.9,32.7,32.85,31.7"
"08/01/2021,32.6,32.7,33.2,32"
"07/01/2021,32.3,32.1,32.3,31.5"
"06/01/2021,31.6,32,32.65,31.5"
"05/01/2021,31.6,31.6,32.1,31.5"
"04/01/2021,32,32.9,32.9,31.8"
"31/12/2020,31.4,30.75,31.85,30.5"
"29/12/2020,31.35,31.2,32,30.5"
"28/12/2020,31.95,31.8,32.3,30.95"
"25/12/2020,31,28.85,31,28.85"
"24/12/2020,29,29.5,29.7,27.4"
"23/12/2020,29.4,30.5,30.5,29"
"22/12/2020,30.65,30.45,31.15,30.05"
"21/12/2020,30.75,29.7,30.95,29.45"
"18/12/2020,29.2,27.95,29.3,27.6"
"17/12/2020,27.55,27.95,28.2,27.3"
"16/12/2020,28.15,28.6,28.8,28.05"
"15/12/2020,28.55,28.6,29.15,28.2"
"14/12/2020,28.75,28,29.2,27.5"
"11/12/2020,27.45,26.8,27.45,26.3"
"10/12/2020,26.85,27,27.6,26.8"
"09/12/2020,27.3,26.95,27.9,26.9"
"08/12/2020,26.5,24.95,26.5,24.95"
"07/12/2020,24.8,24.8,24.85,24.55"
"04/12/2020,24.55,24.95,25,24.5"
"03/12/2020,24.9,24.95,25.2,24.8"
"01/12/2020,24.55,23.75,24.55,23.75"
"30/11/2020,24.2,24.7,24.7,24.2"
"27/11/2020,24.6,24.4,24.7,24.25"
"26/11/2020,24.2,24.25,24.25,23.85"
"25/11/2020,24.3,24.5,24.75,24.2"
"24/11/2020,24.5,24.5,24.75,23.9"
"23/11/2020,24.25,23.5,24.3,23.1"
"20/11/2020,23.4,23.4,23.4,23.15"
"19/11/2020,23.3,23.35,23.45,23.15"
"18/11/2020,23.2,23,23.45,23"
"17/11/2020,23,22.65,23.1,22.5"
"16/11/2020,22.5,23.25,23.25,22.5"
"13/11/2020,22.9,22.6,22.9,22.55"
"12/11/2020,22.6,22.5,22.75,22.4"
"11/11/2020,22.6,22.6,22.9,22.45"
"10/11/2020,22.75,22.65,23.2,22.3"
"09/11/2020,22.25,21.7,22.25,21.7"
"06/11/2020,21.65,22,22,21.55"
"05/11/2020,21.8,21.75,22.15,21.75"
"03/11/2020,21.75,21.3,21.85,21.3"
"02/11/2020,21.2,21,21.2,20.75"
"30/10/2020,20.7,20.9,20.95,20.4"
"29/10/2020,20.75,20.2,20.95,20.2"
"28/10/2020,20.6,21.4,21.55,20.6"
"27/10/2020,21.5,21.8,22,21.5"
"26/10/2020,21.9,22.1,22.6,21.9"
"23/10/2020,22.1,22.3,22.4,22"
"22/10/2020,22.3,21.75,22.3,21.5"
"21/10/2020,22,23.05,23.05,22"
"20/10/2020,23,22.8,23.1,22.5"
"19/10/2020,22.9,22.8,23.45,22.7"
"16/10/2020,22.45,22.4,22.55,21.95"
"15/10/2020,22.35,22.6,22.75,22.15"
"14/10/2020,22.35,22.05,22.5,21.9"
"13/10/2020,22,22.15,22.15,21.7"
"12/10/2020,22.15,22.8,22.85,22"
"09/10/2020,22.55,22.3,22.65,22.15"
"08/10/2020,22.05,21.95,22.05,21.65"
"06/10/2020,22,22.3,22.45,21.8"
"05/10/2020,22.3,22.1,22.45,22"
"02/10/2020,21.8,22.1,22.4,21"
"01/10/2020,22.15,21.25,22.45,21.15"
"30/09/2020,21,20.7,21.05,20.65"
"29/09/2020,20.75,20.8,21.3,20.7"
"28/09/2020,20.7,20.6,20.8,20.3"
"25/09/2020,20.2,20.7,20.7,20.15"
"24/09/2020,20.7,20.6,20.75,20.3"
"23/09/2020,20.7,20.6,20.8,20.55"
"22/09/2020,20.55,20.5,20.65,20.35"
"21/09/2020,20.6,20.85,20.95,20.6"
"18/09/2020,20.7,20.3,20.75,20.2"
"17/09/2020,20.3,20.2,20.4,20.05"
"16/09/2020,20.25,19.9,20.25,19.9"
"15/09/2020,19.95,19.8,20.4,19.7"
"14/09/2020,19.7,19.95,19.95,19.65"
"11/09/2020,19.8,19.8,20,19.65"
"10/09/2020,19.85,19.9,20.15,19.6"
"08/09/2020,19.6,19.2,19.6,19.05"
"07/09/2020,19.15,19.7,19.95,19.15"
"04/09/2020,19.5,18.6,19.8,18.6"
"03/09/2020,19,19.1,19.1,18.8"
"01/09/2020,18.8,18.55,18.9,18.45"
"31/08/2020,18.55,18.9,19.15,18.4"
"28/08/2020,18.85,19,19.25,18.85"
"27/08/2020,18.75,18.6,18.75,18.5"
"26/08/2020,18.6,18.4,18.85,18.4"
"25/08/2020,18.35,18.6,18.65,18.35"
"24/08/2020,18.4,18.25,18.7,18.2"
"21/08/2020,18.05,17.65,18.15,17.55"
"20/08/2020,17.6,17.7,17.8,17.55"
"19/08/2020,17.8,17.7,17.85,17.55"
"18/08/2020,17.6,17.6,17.85,17.5"
"17/08/2020,17.7,17.7,17.85,17.45"
"14/08/2020,17.9,18.1,18.25,17.65"
"13/08/2020,18.2,17.9,18.35,17.85"
"12/08/2020,17.75,17.85,18,17.6"
"10/08/2020,17.35,17.35,17.6,17.25"
"07/08/2020,17.15,17.25,17.35,17"
"06/08/2020,17.25,17.35,17.5,17.1"
"05/08/2020,17.4,17.15,17.6,17.05"
"04/08/2020,17.25,17.3,17.4,16.95"
"03/08/2020,17.15,16.4,17.2,16.4"
"31/07/2020,16.5,16.1,16.7,16.1"
"30/07/2020,16.6,16.6,16.8,16.3"
"29/07/2020,16.55,17,17,16"
"28/07/2020,17.15,16.1,17.15,16.1"
"27/07/2020,16.05,16.5,17,16.05"
"24/07/2020,17.25,18.2,18.3,17.1"
"23/07/2020,18.35,18.5,18.55,18.2"
"22/07/2020,18.5,18.9,18.9,18.35"
"21/07/2020,18.75,19,19.1,18.4"
"20/07/2020,18.8,18.8,19.4,18.8"
"17/07/2020,19.3,19.2,19.5,19.1"
"16/07/2020,19.2,19.25,19.4,19.1"
"15/07/2020,19.25,19.7,19.75,19.15"
"13/07/2020,19.15,19.45,19.55,18.9"
"10/07/2020,19.35,19.1,19.65,19.1"
"09/07/2020,19.3,19.3,19.45,19.2"
"08/07/2020,19.65,19.3,19.65,19.2"
"07/07/2020,19.3,19.7,19.8,19.3"
"06/07/2020,19.5,19.3,19.6,19.15"
"03/07/2020,19,19.15,19.25,19"
"02/07/2020,19.05,19.25,19.25,18.9"
"01/07/2020,19.05,18.55,19.15,18.4"
"30/06/2020,18.35,18.75,18.85,18"
"29/06/2020,18.35,18.9,19.1,18"
"26/06/2020,19.15,19.7,19.9,18.95"
"25/06/2020,19.55,19.35,19.75,19.3"
"24/06/2020,19.7,20.4,20.5,19.5"
"23/06/2020,20.4,19.6,20.75,19.5"
"22/06/2020,19.4,19.55,19.55,19.15"
"19/06/2020,19.4,18.6,19.45,18.55"
"18/06/2020,18.55,18.45,18.75,18.3"
"17/06/2020,18.75,18.8,19,18.35"
"15/06/2020,17.95,19.35,19.4,17.95"
"12/06/2020,19.25,18.2,19.25,18.1"
"11/06/2020,19.25,20.6,20.8,19.25"
"10/06/2020,20.65,20.5,20.9,20.15"
"09/06/2020,20.7,20.9,20.95,20.5"
"08/06/2020,20.75,20.6,20.9,20.3"
"05/06/2020,20,19.7,20.2,19.55"
"04/06/2020,19.7,19.65,20.25,19.6"
"03/06/2020,19.25,19.25,19.35,18.95"
"02/06/2020,19.05,19.8,19.8,18.95"
"01/06/2020,19.5,19,19.5,18.9"
"29/05/2020,18.8,18.75,18.95,18.65"
"28/05/2020,18.9,18.95,19.15,18.7"
"27/05/2020,18.8,19.95,20,18.7"
"26/05/2020,19.85,19.25,19.95,19.05"
"25/05/2020,19,18.5,19,18.5"
"22/05/2020,18.5,18.4,19.15,18.35"
"21/05/2020,18.5,18.65,18.7,18.4"
"20/05/2020,18.5,18.6,18.8,18.35"
"18/05/2020,18.7,18.2,18.75,18.1"
"15/05/2020,18.4,18.6,18.95,18.25"
"14/05/2020,18.55,17.8,19.2,17.6"
"13/05/2020,18,17.8,18.4,17.55"
"12/05/2020,18.1,18.1,18.35,17.7"
"11/05/2020,18.2,18.2,18.25,17.4"
"08/05/2020,17.25,17,17.9,16.95"
"07/05/2020,16.9,16.3,16.95,16.2"
"06/05/2020,16.4,16.1,16.4,16"
"05/05/2020,15.9,15.8,16.4,15.5"
"04/05/2020,15.5,16.2,16.2,15.5"
"29/04/2020,16.5,16.5,16.85,16.35"
"28/04/2020,16.8,17,17,16.6"
"27/04/2020,17,17.35,17.4,16.9"
"24/04/2020,17.15,16.8,17.2,16.55"
"23/04/2020,16.9,17.3,17.4,16.75"
"22/04/2020,16.75,15.2,16.75,15.05"
"21/04/2020,15.7,16.3,16.5,15.35"
"20/04/2020,16.45,17.1,17.1,16.1"
"16/04/2020,16.45,16.15,16.85,16"
"15/04/2020,16.4,16,16.6,16"
"14/04/2020,15.9,15.5,15.9,15.05"
"13/04/2020,15.5,15.3,15.6,15.1"
"10/04/2020,15.45,15.1,15.5,14.75"
"09/04/2020,15.4,15,15.85,15"
"08/04/2020,15.15,14,15.15,13.8"
"07/04/2020,14.4,14.4,14.45,13.7"
"06/04/2020,13.55,13.4,13.55,13.25"
"03/04/2020,12.7,12.7,12.7,12.4"
"01/04/2020,11.9,11.3,11.9,11.2"
"31/03/2020,11.15,11.85,12,10.8"
"30/03/2020,11.5,11.6,11.9,11.5"
"27/03/2020,12.35,12.8,12.8,12.3"
"26/03/2020,12.7,13,13.35,12.7"
"25/03/2020,13.35,13.1,13.4,12.65"
"24/03/2020,12.55,13.2,13.4,12.5"
"23/03/2020,13,13.3,13.5,13"
"20/03/2020,13.95,14.3,14.35,13.9"
"18/03/2020,13.8,14.3,14.5,13.75"
"17/03/2020,14.05,14.05,14.05,12.55"
"16/03/2020,13.15,13.6,14.1,13.05"
"13/03/2020,14,13.2,14.15,13.2"
"12/03/2020,14.15,14.25,14.3,14.15"
"11/03/2020,15.2,16.55,16.6,15.2"
"10/03/2020,16.3,16.2,16.85,15.75"
"09/03/2020,16.9,16.9,17.1,16.9"
"06/03/2020,18.15,18,18.35,17.7"
"05/03/2020,18.15,17.8,18.6,17.8"
"04/03/2020,17.75,17.1,17.85,17.1"
"03/03/2020,17.3,17.6,17.6,17.3"
"02/03/2020,17.2,17.4,17.6,17.2"
"28/02/2020,17.15,17.2,17.5,17"
"27/02/2020,17.8,17.1,17.8,17.1"
"26/02/2020,17.1,16.9,17.55,16.9"
"25/02/2020,17.6,16.75,17.7,16.75"
"24/02/2020,17.55,18.3,18.4,17.55"
"21/02/2020,18.85,18.9,19.25,18.8"
"19/02/2020,18.85,18.9,19.05,18.8"
"18/02/2020,18.95,19.25,19.4,18.85"
"17/02/2020,19,19.2,19.85,19"
"14/02/2020,19.2,18.75,19.2,18.65"
"13/02/2020,18.75,18.9,18.95,18.6"
"12/02/2020,18.95,18.6,19.2,18.55"
"11/02/2020,18.45,18.5,18.55,18.3"
"10/02/2020,18.35,18.4,18.7,18.2"
"07/02/2020,18.8,18.9,19.35,18.65"
"06/02/2020,18.9,18.55,19.15,18.45"
"05/02/2020,18.3,18.5,18.7,18.1"
"04/02/2020,18.05,19,19,18"
"03/02/2020,18.65,18.65,19.2,17.95"
"31/01/2020,19.25,20.3,20.8,19.25"
"30/01/2020,20.65,21.7,21.7,20.65"
"22/01/2020,22.2,22,22.2,21.85"
"21/01/2020,21.95,21.55,22.2,21.5"
"20/01/2020,21.6,21.45,21.65,21.45"
"17/01/2020,21.6,21.85,22.1,21.6"
"15/01/2020,21.15,21.45,21.5,21.15"
"14/01/2020,21.45,21.35,21.55,21.3"
"13/01/2020,21.45,21.05,21.5,21"
"10/01/2020,21,20.75,21.2,20.6"
"09/01/2020,20.75,20.75,20.85,20.5"
"08/01/2020,20.55,20.85,20.85,20.2"
"07/01/2020,21,20.9,21.1,20.75"
"06/01/2020,20.85,21.1,21.15,20.75"
"03/01/2020,21.2,21.6,21.75,21.2"
"02/01/2020,21.5,21.45,21.7,21.35"
"31/12/2019,21.35,20.9,21.45,20.9"
"30/12/2019,20.95,21.4,21.75,20.9"
"27/12/2019,21.4,20.75,21.4,20.7"
"26/12/2019,20.8,20.9,20.95,20.7"
"25/12/2019,20.9,20.7,21.05,20.65"
"24/12/2019,20.8,20.55,20.85,20.4"
"23/12/2019,20.4,20.5,20.95,20.4"
"20/12/2019,20.45,21.3,21.3,20.2"
"19/12/2019,21.3,22,22.2,21.3"
"17/12/2019,22.8,23.15,23.25,22.7"
"16/12/2019,23.15,22.7,23.2,22.7"
"13/12/2019,22.85,23.2,23.35,22.8"
"12/12/2019,22.9,23,23.2,22.85"
"11/12/2019,22.7,23,23.15,22.7"
"10/12/2019,22.8,23.6,23.7,22.8"
"09/12/2019,23.65,23.85,24.15,23.65"
"06/12/2019,23.9,23.95,24.15,23.8"
"05/12/2019,23.8,24.15,24.25,23.8"
"04/12/2019,24.15,23.2,24.15,23.1"
"03/12/2019,23.2,23.05,23.6,22.95"
"02/12/2019,23.2,23.6,23.65,23.15"
"29/11/2019,23.4,23.5,23.5,23.1"
"28/11/2019,23.25,23.9,23.9,23.25"
"27/11/2019,23.9,24.2,24.25,23.85"
"26/11/2019,24,24,24.3,23.9"
"25/11/2019,23.8,24,24.3,23.45"
"22/11/2019,24,24.8,25,23.8"
"21/11/2019,24.8,24.4,25.05,24.4"
"19/11/2019,24.65,24.3,24.75,24.3"
"18/11/2019,24.2,25,25.3,24"
"15/11/2019,25,25.15,25.4,25"
"14/11/2019,25.35,25.9,25.9,25.15"
"13/11/2019,25.8,25.6,25.85,25.6"
"12/11/2019,25.55,25,25.65,25"
"11/11/2019,25,25.45,25.55,25"
"08/11/2019,25.55,25.7,25.9,25.35"
"07/11/2019,25.3,24.75,25.55,24.65"
"06/11/2019,24.75,24.6,25.2,24.55"
"05/11/2019,24.8,24.75,25.2,24.55"
"04/11/2019,24.75,24,25.2,24"
"01/11/2019,23.9,22.75,23.95,22.7"
"31/10/2019,22.8,23.25,23.3,22.8"
"30/10/2019,23.15,22.85,23.35,22.8"
"29/10/2019,22.85,23,23.3,22.8"
"28/10/2019,23.15,23.15,23.35,22.8"
"25/10/2019,22.95,22.5,23.2,22.45"
"24/10/2019,22.5,22.15,22.6,22.1"
"22/10/2019,22.1,22.2,22.35,22.05"
"21/10/2019,22.2,22.15,22.4,22.05"
"18/10/2019,22.5,23,23.2,22.4"
"17/10/2019,22.95,23.2,23.2,22.9"
"16/10/2019,23.35,23.55,23.55,23.25"
"15/10/2019,23.3,23.5,23.55,23.25"
"14/10/2019,23.5,23.2,23.75,23.15"
"11/10/2019,22.75,22.8,22.85,22.6"
"10/10/2019,22.65,22.75,23.1,22.6"
"09/10/2019,22.8,22.8,23,22.6"
"08/10/2019,22.8,22.45,23.2,22.4"
"07/10/2019,22.4,23.45,23.6,22.35"
"04/10/2019,23.2,24.5,24.55,23.2"
"03/10/2019,24.45,24,24.5,23.85"
"02/10/2019,24.45,24.7,24.9,24.4"
"01/10/2019,24.75,24.2,24.75,24.2"
"30/09/2019,24.3,24.8,24.9,24.2"
"27/09/2019,24.45,24.8,25,24.4"
"26/09/2019,24.8,23.7,24.9,23.7"
"24/09/2019,23.6,23.5,23.7,23.3"
"23/09/2019,23.3,23.4,24.1,23.2"
"20/09/2019,23.4,23.5,23.7,23.4"
"19/09/2019,23.6,23.15,23.75,23.15"
"18/09/2019,23.3,23.4,23.8,23.15"
"17/09/2019,23.6,22.5,23.75,22.4"
"16/09/2019,22.65,21.5,23.05,22.2"
"13/09/2019,22.15,21.5,22.25,21.25"
"12/09/2019,21.5,21.4,21.6,21.15"
"11/09/2019,21.1,21.3,21.5,21"
"10/09/2019,21.3,21,21.65,20.8"
"09/09/2019,20.9,21.1,21.35,20.9"
"06/09/2019,21.2,21.1,21.35,21"
"05/09/2019,21.1,21.25,21.5,21.1"
"04/09/2019,21.1,20.8,21.35,20.45"
"03/09/2019,20.65,20.8,20.95,20.65"
"30/08/2019,20.95,20.3,21.1,20.3"
"29/08/2019,20.2,20.35,20.4,20.1"
"28/08/2019,20.1,20.5,20.55,20.1"
"26/08/2019,20.8,20.85,21,20.65"
"23/08/2019,21.3,21.55,21.85,21.2"
"22/08/2019,21.75,22,22.15,21.55"
"21/08/2019,21.45,21,21.7,20.9"
"20/08/2019,21.05,21.4,21.6,21.05"
"19/08/2019,21.25,21.5,21.7,21.15"
"16/08/2019,20.9,19.6,20.9,19.6"
"15/08/2019,19.55,19.15,19.65,19.15"
"14/08/2019,19.8,19.8,19.95,19.6"
"13/08/2019,19.6,19.85,19.9,19.5"
"12/08/2019,20.1,20.2,20.4,19.7"
"09/08/2019,20.2,20.45,20.75,20.2"
"08/08/2019,20.25,19.5,20.4,19.35"
"07/08/2019,19.6,20,20.5,19.4"
"06/08/2019,20,20,20.1,19.6"
"05/08/2019,20.45,21.05,21.05,20.35"
"02/08/2019,21.05,21.2,21.2,20.8"
"01/08/2019,21.3,21.35,21.6,21.2"
"31/07/2019,21.35,21.3,21.5,21"
"29/07/2019,21.35,21.65,21.75,21.3"
"26/07/2019,21.75,22.25,22.4,21.6"
"25/07/2019,22.25,22.3,22.6,22.15"
"24/07/2019,22.35,23,23.05,22.3"
"23/07/2019,23,22.8,23.1,22.8"
"22/07/2019,22.85,23.3,23.35,22.7"
"19/07/2019,23.55,23.65,23.9,23.55"
"18/07/2019,23.65,23.9,23.95,23.55"
"17/07/2019,23.9,23.3,24.1,23.3"
"16/07/2019,23.25,23.5,23.7,23.2"
"15/07/2019,23.85,24,24.1,23.75"
"12/07/2019,23.85,24,24.4,23.85"
"11/07/2019,23.85,23.9,24.1,23.8"
"10/07/2019,23.7,24,24.3,23.6"
"09/07/2019,24.05,24.25,24.25,23.9"
"08/07/2019,24.25,24.5,24.7,23.9"
"05/07/2019,24.6,24.75,25,24.6"
"04/07/2019,24.4,23.75,24.45,23.7"
"03/07/2019,23.7,23.75,23.95,23.5"
"01/07/2019,23.8,23.8,23.85,23.65"
"28/06/2019,23.35,23.35,23.4,22.95"
"27/06/2019,23.1,23.1,23.55,23.1"
"26/06/2019,23.5,23.85,23.9,23.5"
"25/06/2019,23.8,24,24,23.75"
"24/06/2019,24.1,24,24.5,23.8"
"21/06/2019,24,23.8,24.4,23.7"
"20/06/2019,23.65,22.85,23.65,22.75"
"19/06/2019,22.85,22.85,23.3,22.75"
"18/06/2019,22.75,22.7,23,22.5"
"17/06/2019,22.85,23.4,23.4,22.7"
"14/06/2019,23.1,23.1,23.5,23.05"
"13/06/2019,23.25,23.2,23.4,22.9"
"12/06/2019,23.45,23.55,23.7,23.2"
"11/06/2019,23.55,23.7,23.7,23.35"
"10/06/2019,23.65,23.6,23.8,23.55"
"07/06/2019,23.25,23,23.3,23"
"06/06/2019,22.85,23.2,23.4,22.6"
"05/06/2019,23.3,23.5,23.7,23.05"
"03/06/2019,23.2,23.9,24,23.2"
"31/05/2019,24.4,24.95,24.95,24.4"
"30/05/2019,24.85,24.8,25.1,24.6"
"29/05/2019,24.85,24.55,25,24.45"
"28/05/2019,24.55,24.6,24.9,24.35"
"27/05/2019,24.55,25,25.2,24.25"
"24/05/2019,25,25.25,25.5,24.9"
"23/05/2019,25.45,25.3,25.65,25.25"
"22/05/2019,25.5,25.5,26,25.5"
"21/05/2019,25.55,26.1,26.2,25.55"
"20/05/2019,27.25,26.9,27.25,26.65"
"17/05/2019,26.7,27.05,27.15,26.5"
"16/05/2019,27.05,27.5,27.55,27.05"
"15/05/2019,27.3,27.2,27.5,27.1"
"14/05/2019,27,26.5,27.2,26.3"
"13/05/2019,26.95,26.5,26.95,26.3"
"10/05/2019,26.3,26.3,26.35,25.8"
"09/05/2019,26,26.5,26.75,25.9"
"08/05/2019,26.4,25,26.4,25"
"06/05/2019,25,25,25.1,24.7"
"03/05/2019,25.3,24.8,25.65,24.55"
"02/05/2019,24.8,25.45,25.75,24.8"
"26/04/2019,25.45,25.4,25.7,25.25"
"25/04/2019,25.4,25.9,25.9,25.2"
"24/04/2019,25.9,24.4,26,24.4"
"23/04/2019,24.3,24.3,24.8,24.2"
"22/04/2019,24.3,25,25.2,24.3"
"19/04/2019,25.6,25.85,26.3,25.6"
"18/04/2019,25.9,26,26.65,25.85"
"17/04/2019,26.65,27.1,27.2,26.65"
"16/04/2019,26.95,27.1,27.1,26.55"
"12/04/2019,27.2,27.5,27.95,27.2"
"11/04/2019,27.7,28.05,28.2,27.6"
"10/04/2019,28.05,28.2,28.4,27.9"
"09/04/2019,28.4,28.3,29.1,28.2"
"08/04/2019,28.2,27.7,28.25,27.5"
"05/04/2019,27.6,27.9,28,27.5"
"04/04/2019,27.6,27.8,28.2,27.55"
"02/04/2019,27.8,28.5,28.6,27.8"
"01/04/2019,28,28.5,28.5,27.9"
"29/03/2019,28.2,28.75,28.8,28.2"
"28/03/2019,28.6,28,28.75,28"
"27/03/2019,28.65,28.75,28.95,28.45"
"26/03/2019,28.6,28.4,28.9,28.2"
"25/03/2019,28,28.1,28.6,27.6"
"22/03/2019,29.15,29.5,29.6,28.9"
"21/03/2019,29,30.6,30.7,29"
"20/03/2019,30.4,30,30.6,29.2"
"19/03/2019,30.5,31.1,31.5,30.5"
"18/03/2019,31.1,30.8,31.45,30.8"
"15/03/2019,30.8,30.9,30.9,30.4"
"14/03/2019,30.9,31.2,31.4,30.8"
"13/03/2019,31,29.7,31.3,29.7"
"12/03/2019,29.3,29.4,29.4,28.95"
"11/03/2019,29,29.2,29.25,28.9"
"08/03/2019,29,29,29.5,29"
"07/03/2019,29.9,29.55,30.35,29.5"
"05/03/2019,29.1,29.5,29.9,29"
"04/03/2019,29.5,29.4,29.9,29.3"
"01/03/2019,29.4,29.5,29.7,28.9"
"28/02/2019,28.5,30.05,30.4,28.5"
"27/02/2019,30.4,30.9,30.95,30.4"
"26/02/2019,30.6,30.25,30.95,30"
"25/02/2019,29.9,28.05,29.9,28.05"
"22/02/2019,28,28.3,28.6,27.75"
"21/02/2019,28.5,28.8,28.8,27.8"
"20/02/2019,27.3,27.3,27.3,27.2"
"19/02/2019,50.2,52,52,50.2"
"18/02/2019,51.4,51.4,51.5,50.9"
"15/02/2019,51,50,51.4,49.6"
"14/02/2019,50.4,50.8,51,50"
"13/02/2019,51.1,51.8,52,50.8"
"12/02/2019,50.8,48.9,51,48.3"
"11/02/2019,48,46,48,45.85"
"01/02/2019,44.9,45.7,45.8,44.6"
"31/01/2019,45.4,45.5,46,45.1"
"29/01/2019,46,44.6,46,44"
"28/01/2019,44.9,45.3,45.6,44.5"
"25/01/2019,45.5,45.75,46.2,45.5"
"24/01/2019,45.7,46.8,46.8,45.55"
"23/01/2019,46.7,45.2,46.85,44.75"
"22/01/2019,45.3,44,46,43.65"
"21/01/2019,43.65,43.8,44,43"
"18/01/2019,43.4,43.6,43.9,43.3"
"17/01/2019,43.6,43.3,44,43.3"
"16/01/2019,43.5,43.5,43.9,43.1"
"15/01/2019,43,43,43.7,42.8"
"14/01/2019,43,44,44.1,42.9"
"11/01/2019,43.65,43.5,44.1,43.3"
"10/01/2019,43,44,44.3,43"
"09/01/2019,44,45,45,43.5"
"08/01/2019,44.6,44.6,45.2,44"
"07/01/2019,44.6,45.2,45.2,44.5"
"04/01/2019,44.4,43.9,44.5,42.2"
"03/01/2019,43.9,46,46.1,43.2"
"28/12/2018,46.85,47.4,47.5,46.5"
"27/12/2018,47.4,49,49,47.35"
"26/12/2018,46.5,47.95,47.95,46.5"
"25/12/2018,46.85,46.5,47,45.5"
"24/12/2018,48,49.6,49.8,48"
"21/12/2018,49.6,50.3,50.5,49"
"20/12/2018,50.5,48,50.5,48"
"19/12/2018,49,51,51.4,49"
"18/12/2018,51,51.4,52.5,51"
"17/12/2018,53.2,54.7,55,53"
"14/12/2018,55.4,56,56.3,55.4"
"13/12/2018,56.1,56.1,57,56.1"
"12/12/2018,56.1,55.7,56.1,55"
"11/12/2018,55.8,57.4,57.4,55.6"
"10/12/2018,56.5,57.5,57.5,56.3"
"07/12/2018,57.5,56.6,58.1,56.4"
"06/12/2018,56.2,56.1,57.2,56"
"05/12/2018,56.2,55.5,56.5,55.4"
"04/12/2018,56.2,56.8,56.8,56.1"
"30/11/2018,54.6,54.7,55.4,54.3"
"29/11/2018,54.9,55.5,55.8,54.9"
"28/11/2018,54.9,55.9,55.9,54.9"
"27/11/2018,55,55.3,56,54.8"
"26/11/2018,55.3,55.5,55.6,55"
"23/11/2018,55.5,56,56.7,55.5"
"22/11/2018,56.5,57.7,57.7,56.5"
"21/11/2018,57,56,57,55.5"
"20/11/2018,56.7,55.1,56.7,55.1"
"19/11/2018,55.6,55.9,56.9,55.4"
"16/11/2018,55.1,56.9,57,55.1"
"15/11/2018,56,56.5,56.5,54.6"
"14/11/2018,56.5,55.9,56.6,55.1"
"13/11/2018,55.9,56.5,56.5,54.8"
"12/11/2018,56.5,52.5,56.5,52.3"
"09/11/2018,54,55.1,55.1,53.7"
"08/11/2018,55.1,56,56.3,55"
"07/11/2018,54.9,56.1,56.2,54.5"
"06/11/2018,56.1,57.6,57.6,56.1"
"02/11/2018,57.5,54.6,57.5,54.6"
"01/11/2018,54.5,55,55.5,54.1"
"31/10/2018,54.8,53.8,55.4,53.8"
"30/10/2018,53.3,52.7,54.5,52.7"
"29/10/2018,53.8,52.6,53.9,52"
"26/10/2018,52.7,55.2,55.6,52.7"
"25/10/2018,54,51.1,54,51.1"
"24/10/2018,54.6,55,56.5,54.6"
"23/10/2018,56,57,57,54"
"22/10/2018,57.1,61.7,62,57.1"
"19/10/2018,61,61.1,62,60.4"
"18/10/2018,62,63.2,63.2,62"
"17/10/2018,62.9,62.9,63.9,62.8"
"16/10/2018,62.8,62.8,63,62.1"
"15/10/2018,62.8,63.5,63.9,62.8"
"12/10/2018,63.9,59.7,64,59.7"
"11/10/2018,62,62,65.6,62"
"10/10/2018,66.6,68.5,68.5,66.6"
"09/10/2018,66.9,67.1,67.5,66.9"
"05/10/2018,67.1,69.4,69.4,67.1"
"04/10/2018,69.4,69.5,69.8,69.1"
"03/10/2018,69.4,69.4,69.8,68.9"
"02/10/2018,69.4,68.7,70,68.2"
"01/10/2018,69.5,69,69.6,68.2"
"28/09/2018,69,68.6,69.1,67"
"27/09/2018,68.2,66.9,68.4,66.3"
"26/09/2018,66.6,66.7,67.3,66.2"
"25/09/2018,66.5,66.5,66.8,65.3"
"24/09/2018,65.8,67,67.5,65.5"
"21/09/2018,67.2,67.5,67.5,66.2"
"20/09/2018,67.4,65.2,67.4,65"
"19/09/2018,65,65,65.8,65"
"18/09/2018,64.7,62.4,64.7,62.1"
"17/09/2018,62.9,63,63.9,62.6"
"14/09/2018,62.9,62.5,63.9,62.5"
"13/09/2018,62.3,62.4,63.2,62.3"
"12/09/2018,62.3,63.5,63.5,62.3"
"11/09/2018,63.1,61.9,63.3,61.7"
"07/09/2018,61.3,59.2,61.6,59.2"
"06/09/2018,59.5,59.9,60.3,59.1"
"05/09/2018,59.5,60.1,60.5,59.1"
"04/09/2018,60.1,61.3,61.6,59"
"31/08/2018,61.7,63.2,63.6,61.7"
"30/08/2018,63.5,61,63.5,61"
"29/08/2018,61,62.2,62.2,61"
"28/08/2018,62,62.9,62.9,61.5"
"27/08/2018,61.3,59.2,61.8,59.1"
"24/08/2018,58.7,58.3,59.4,58"
"23/08/2018,58.3,58.6,59.2,58.1"
"22/08/2018,58.5,60,60,58.5"
"21/08/2018,59,57.3,59,57.3"
"20/08/2018,58.3,57.8,58.7,57"
"17/08/2018,57.2,58.1,58.3,57.2"
"16/08/2018,57,55.5,57.3,55"
"15/08/2018,56.9,59.5,60,56.9"
"14/08/2018,59.2,60.1,60.6,59"
"13/08/2018,60.5,59.7,60.7,59.1"
"09/08/2018,56.6,56.8,58.3,56.6"
"08/08/2018,56.8,55.8,57.5,55.6"
"07/08/2018,55.8,56.2,57.5,55.8"
"06/08/2018,56.8,58.4,58.4,56.8"
"03/08/2018,58.4,57.8,58.5,57.6"
"02/08/2018,57,55.5,57,55.1"
"01/08/2018,55.5,56.6,58,55.4"
"31/07/2018,56.6,55.6,57.3,55.3"
"30/07/2018,55.9,54.5,56,54.3"
"27/07/2018,54,53.4,54.8,52.8"
"26/07/2018,52.5,50.5,52.5,50"
"25/07/2018,50.1,53.1,54.5,50.1"
"24/07/2018,53.5,54,54.6,52.7"
"23/07/2018,54.6,54.6,57.2,54.6"
"20/07/2018,56.5,53.5,56.7,53.2"
"19/07/2018,55.5,54.4,55.8,53.5"
"18/07/2018,53.9,52,53.9,51.8"
"17/07/2018,51.6,49.65,51.6,47.9"
"16/07/2018,49.9,48.7,49.9,48.5"
"12/07/2018,47,47,48.5,46.1"
"11/07/2018,47.25,48.5,49.3,47.25"
"10/07/2018,50.8,51,52.5,50.1"
"09/07/2018,50.8,53.5,54.3,50.8"
"06/07/2018,53.5,48,53.5,48"
"05/07/2018,50,52.6,52.8,49.15"
"04/07/2018,52.8,48,52.8,46.1"
"03/07/2018,49.4,52.6,52.7,49.4"
"02/07/2018,53.1,55.5,56,53.1"
"29/06/2018,57,60.9,60.9,57"
"28/06/2018,59.6,60.3,62,59"
"27/06/2018,62,63.3,64,62"
"26/06/2018,62.5,59.5,62.5,59.5"
"25/06/2018,62.1,63,63,61.7"
"22/06/2018,61.5,58.3,61.5,58.3"
"21/06/2018,60.5,61.6,61.6,60"
"20/06/2018,62.3,61.5,62.3,59.5"
"19/06/2018,60,61,62,58.1"
"18/06/2018,62.4,67,67,62.4"
"14/06/2018,67.8,67.4,69,67.4"
"13/06/2018,68,68,68,67"
"12/06/2018,68,68,68,65.5"
"11/06/2018,69.1,67.5,69.9,66.6"
"08/06/2018,68.9,68,69.5,67.2"
"07/06/2018,68.3,71.3,71.3,68.3"
"06/06/2018,70,67,70,66"
"05/06/2018,67.3,66.5,67.7,66.3"
"04/06/2018,67.4,65,67.5,64.5"
"01/06/2018,65,63.2,66,63.2"
"31/05/2018,64.1,62,65.5,60.5"
"30/05/2018,62,62.1,63,60"
"29/05/2018,62,58,62,58"
"28/05/2018,58,60,61,58"
"25/05/2018,62.3,63.8,64.8,62.3"
"24/05/2018,64.7,65,65,63.4"
"23/05/2018,64,61,64,60"
"22/05/2018,62.1,65,65.8,61.5"
"21/05/2018,66.1,68,69,66.1"
"17/05/2018,69.8,69,70,68.4"
"16/05/2018,70,71,71.5,70"
"15/05/2018,71.5,69.3,72.5,69.3"
"14/05/2018,69.4,68,69.9,68"
"11/05/2018,68,67,69.9,66"
"10/05/2018,67.1,70,70.9,67.1"
"09/05/2018,71.8,72.5,73.3,71.8"
"08/05/2018,72.5,73.6,73.8,72.5"
"07/05/2018,73.6,71.6,73.6,70.2"
"04/05/2018,71.1,73,73.1,70.8"
"03/05/2018,72.2,71,72.6,67"
"02/05/2018,71,71,72.8,70.5"
"27/04/2018,71.5,69.9,71.8,68.8"
"26/04/2018,69,71.6,72.2,66.5"
"24/04/2018,71.5,72,74.6,71.5"
"23/04/2018,74.4,81.5,81.5,74.4"
"20/04/2018,80,78,80.1,77.5"
"19/04/2018,78.1,79.6,80,77"
"18/04/2018,80.8,81.5,82.4,80.6"
"16/04/2018,81,81.5,82.4,80"
"13/04/2018,81.9,86,86,81"
"12/04/2018,84.8,84.5,85.9,83.2"
"11/04/2018,84.7,90,90.1,84.7"
"10/04/2018,90,93,93,88"
"09/04/2018,92,89.6,92.3,89.1"
"06/04/2018,89,89.7,91.5,88.5"
"05/04/2018,90.4,88.7,91.5,88.7"
"04/04/2018,89.2,89,89.9,88.5"
"03/04/2018,89.5,88,89.5,86.6"
"02/04/2018,85.4,80.9,85.4,80.5"
"30/03/2018,79.9,79,79.9,77.6"
"29/03/2018,78.9,76.4,79.5,76.4"
"28/03/2018,76.8,77,78,76.6"
"27/03/2018,77,80.4,80.8,77"
"26/03/2018,79,78.9,80,77.3"
"23/03/2018,78.9,79,79,77"
"22/03/2018,79.8,81,81.5,79"
"21/03/2018,80.1,79,81.4,79"
"19/03/2018,78.9,79,81,78.7"
"16/03/2018,78.7,78.7,79.9,76.4"
"15/03/2018,76.3,76.8,76.8,75"
"14/03/2018,76.8,76.9,77.8,76.5"
"13/03/2018,75.3,71.4,75.5,71.4"
"12/03/2018,71.4,71.4,75.4,71.3"
"09/03/2018,74.6,76.6,76.6,74.6"
"08/03/2018,75.4,74.6,75.5,74.1"
"07/03/2018,74.6,78.4,78.4,74"
"06/03/2018,78,75,79,73.7"
"05/03/2018,74.4,80.9,81,74.4"
"02/03/2018,79.9,79.5,79.9,78.2"
"01/03/2018,80.2,80,83.5,79"
"28/02/2018,80,77.8,80,77.7"
"27/02/2018,78.6,80.5,81.1,78"
"26/02/2018,80.1,82.4,83.3,80"
"23/02/2018,80,79.2,80.1,78.6"
"22/02/2018,79,77.5,80,77.4"
"21/02/2018,79.5,80,81.5,79.3"
"12/02/2018,82.6,81,83,81"
"09/02/2018,81,72,81.3,72"
"08/02/2018,76.9,74.1,79,74.1"
"07/02/2018,78.1,77.5,78.1,76"
"06/02/2018,73,73,77,71.8"
"05/02/2018,77.2,80.5,80.5,76.3"
"02/02/2018,82,82.9,82.9,80.3"
"01/02/2018,82,80.5,83.5,80.2"
"31/01/2018,80.8,83.4,83.6,80.8"
"30/01/2018,83,80.9,85.9,79.3"
"29/01/2018,80.3,75.8,80.3,75.6"
"26/01/2018,75.1,71,75.1,69.7"
"25/01/2018,70.2,66.6,70.2,66.4"
"22/01/2018,66.3,64,66.4,64"
"19/01/2018,63,61,63,61"
"18/01/2018,61,59,61,58.6"
"17/01/2018,59.5,62,62.2,59.5"
"16/01/2018,61.9,62.5,62.9,61.2"
"15/01/2018,62.7,60.4,62.7,60"
"11/01/2018,61.3,61.3,62,59.5"
"10/01/2018,61.3,61.8,62.9,61.1"
"09/01/2018,61.8,62.9,63.5,61.7"
"08/01/2018,62.4,61.9,62.7,61.6"
"05/01/2018,61.6,63.4,63.4,61.5"
"04/01/2018,63.1,61.4,64,61.4"
"03/01/2018,62,59.5,62,59.5"
"02/01/2018,59.5,60.2,60.2,59.2"
"29/12/2017,60.1,60.5,61.4,59.5"
"28/12/2017,60.3,60,60.5,59.3"
"27/12/2017,59.5,58.4,60,58.4"
"26/12/2017,59,56.1,59,56.1"
"25/12/2017,56.1,57,57.1,56"
"22/12/2017,56.8,57.9,57.9,56.8"
"21/12/2017,57.9,56.9,58,56.3"
"20/12/2017,56.3,54.5,56.7,54.5"
"19/12/2017,54.5,56,56.5,54.5"
"18/12/2017,55,53,55.4,53"
"15/12/2017,52.8,52.7,53.9,51.9"
"15/11/2017,43.3,43.3,43.55,42.8"
"14/11/2017,43.3,43.4,43.7,42.8"
"13/11/2017,43.2,41.3,43.5,41.3"
"10/11/2017,41.5,42,42,41.3"
"09/11/2017,42,41.8,42.35,41.7"
"08/11/2017,41.65,41.75,41.9,41.25"
"07/11/2017,41.8,41.1,42.4,41.05"
"06/11/2017,41.2,40.75,41.2,40.25"
"03/11/2017,40.2,39.1,40.4,39.1"
"02/11/2017,39.1,39.85,42.6,39.1"
"01/11/2017,39.85,40.1,40.6,39.75"
"31/10/2017,40.2,40,40.5,39.65"
"30/10/2017,40.6,40.2,40.9,40.2"
"27/10/2017,40.2,39.8,40.8,39.65"
"26/10/2017,40.1,40.9,40.9,39.5"
"25/10/2017,40.9,39.9,41.25,39.9"
"24/10/2017,39.9,39,40,39"
"23/10/2017,39.3,39.3,41.75,38.9"
"20/10/2017,41.8,43,43.2,41.8"
"18/10/2017,43.5,43.95,44.25,43.5"
"17/10/2017,43.5,43.35,43.5,43.1"
"16/10/2017,43.35,43.5,43.5,43"
"13/10/2017,43.3,42.6,43.5,42.6"
"12/10/2017,42.9,43.5,43.9,42.5"
"11/10/2017,43.3,43,43.6,43"
"10/10/2017,42.75,43,43.45,42.35"
"09/10/2017,43,41.7,43.8,41.7"
"06/10/2017,41.3,40.8,41.3,40.8"
"05/10/2017,40.8,41,41.4,40.8"
"04/10/2017,40.8,40.3,40.85,40.2"
"03/10/2017,40.2,41,41,40.1"
"02/10/2017,40.8,40.8,41.45,40.7"
"29/09/2017,40.9,40.7,41.2,40.55"
"28/09/2017,41.15,40.9,41.3,40.5"
"27/09/2017,40.5,41.45,41.45,40.5"
"26/09/2017,41.3,41.25,41.3,40.3"
"25/09/2017,41,41.2,42,41"
"22/09/2017,41.25,41.3,41.65,40.65"
"20/09/2017,41.85,41.5,42.1,41.4"
"19/09/2017,41.6,41.25,42.45,41.25"
"18/09/2017,41.5,42,42.4,41.2"
"15/09/2017,41.9,41,41.9,40.5"
"14/09/2017,40.85,39.2,41.2,39.15"
"13/09/2017,38.9,38.4,38.9,38.15"
"12/09/2017,38.15,37.8,38.3,37.75"
"11/09/2017,37.8,38.2,38.4,37.7"
"08/09/2017,38.4,39.2,39.3,38.4"
"07/09/2017,39.2,39.3,39.8,39.15"
"06/09/2017,39.15,39.35,39.45,39.1"
"05/09/2017,39.6,39.3,40.25,38.95"
"01/09/2017,39.5,38.75,39.5,38.75"
"31/08/2017,38.55,38.4,38.7,38.3"
"30/08/2017,38.2,38.45,38.5,38.1"
"29/08/2017,38.2,38.8,39,38.2"
"28/08/2017,39,38.15,39,37.8"
"25/08/2017,38.15,38.3,38.45,38"
"24/08/2017,38.3,38.2,38.75,37.9"
"22/08/2017,37.5,40,40.3,37.5"
"21/08/2017,40,40,40.85,40"
"18/08/2017,40.55,40,40.8,39.2"
"17/08/2017,40,41.4,41.9,40"
"16/08/2017,41.5,41.6,42,41.05"
"15/08/2017,41.6,42,42.2,41.5"
"14/08/2017,41.8,41.2,41.9,41.2"
"11/08/2017,41.4,41.2,41.75,41"
"10/08/2017,41.15,41.1,41.9,41"
"09/08/2017,41.5,42.9,42.9,41.5"
"08/08/2017,43.1,43.8,43.8,43.1"
"07/08/2017,43.8,44.2,45,43.8"
"04/08/2017,43.8,43.2,43.8,42.65"
"03/08/2017,42.9,43.4,43.4,42.5"
"02/08/2017,43,43,43.6,42.85"
"01/08/2017,43.55,43.8,43.8,43.3"
"31/07/2017,43.8,42.7,43.8,42.7"
"28/07/2017,42.7,42.5,42.9,42.2"
"27/07/2017,42.5,42.5,42.8,42.15"
"25/07/2017,41.6,40.5,41.6,40.4"
"24/07/2017,40.8,40.8,41.4,40"
"21/07/2017,41,41.5,41.5,40.9"
"20/07/2017,40.65,41.1,41.1,40.15"
"19/07/2017,41.1,40.6,41.3,40.6"
"18/07/2017,40.6,40.5,41.6,40.3"
"17/07/2017,41.7,43.9,43.9,41.6"
"14/07/2017,44,44.6,45,43.8"
"13/07/2017,44.6,45,45.1,44.5"
"12/07/2017,45,45.15,45.3,44.2"
"11/07/2017,44.7,43.5,44.7,43.3"
"10/07/2017,43.5,45,45.7,43.1"
"07/07/2017,45,47.9,47.9,44.7"
"06/07/2017,47.9,48,48.3,47.75"
"05/07/2017,47.3,47,47.3,46.5"
"04/07/2017,46.75,47,47.35,46.4"
"03/07/2017,46.6,45,46.6,45"
"30/06/2017,44.6,44.85,44.85,44.3"
"29/06/2017,44.6,44.1,45.4,44"
"27/06/2017,44.95,45.4,45.4,44.6"
"26/06/2017,45.25,45.3,45.8,45.1"
"23/06/2017,45.05,45,45.1,44.15"
"22/06/2017,44.4,44.4,45,44.1"
"21/06/2017,44.1,44.1,44.3,43.2"
"20/06/2017,44.35,44.3,45.15,44"
"19/06/2017,43.9,42.8,44.1,42.7"
"16/06/2017,42.65,43,43.05,42.5"
"15/06/2017,42.8,42.6,43.2,42.6"
"14/06/2017,42.6,44,44.2,42.6"
"13/06/2017,43.8,42.3,43.8,42.1"
"12/06/2017,42.5,42.45,42.9,42"
"09/06/2017,42.55,42.7,43.3,41.9"
"08/06/2017,42.5,42.9,43.3,41.8"
"07/06/2017,42.9,42.8,43.8,42.65"
"06/06/2017,42.8,43,43.1,42.55"
"05/06/2017,42.55,44.5,44.8,42.3"
"02/06/2017,44.5,41.7,44.55,41.05"
"01/06/2017,41.65,41,42.2,41"
"30/05/2017,40.4,41.5,42.9,40.2"
"29/05/2017,41.7,44.3,45,41.7"
"26/05/2017,44,44.5,45.2,43.3"
"25/05/2017,44.5,43.3,46.3,43.2"
"24/05/2017,43.3,40.65,43.45,40.65"
"23/05/2017,40.65,39.6,41.3,39.6"
"22/05/2017,40,41.5,41.7,40"
"19/05/2017,39.35,37,39.35,36.6"
"18/05/2017,36.8,35.7,37.2,35.7"
"17/05/2017,35.6,35,35.95,34.5"
"16/05/2017,35,37,37.2,35"
"15/05/2017,36.6,36.8,37,36.1"
"12/05/2017,37.3,37.4,37.65,37"
"11/05/2017,37.1,36,37.2,36"
"10/05/2017,35.5,36.1,36.9,35.4"
"09/05/2017,35.5,33.9,36,33.7"
"08/05/2017,33.85,32.9,33.9,32.9"
"05/05/2017,32.9,33.25,33.25,32.8"
"04/05/2017,33.3,33.05,33.55,33"
"28/04/2017,32.2,31.7,32.35,31.3"
"27/04/2017,31.6,31.5,32,31.5"
"26/04/2017,31.6,31.3,31.8,31.05"
"25/04/2017,30.95,31.2,31.6,30.95"
"24/04/2017,31,31,31.55,31"
"21/04/2017,31.3,31.7,31.8,31.3"
"20/04/2017,31.25,31.5,31.6,31.15"
"19/04/2017,31.15,31,31.25,30.9"
"18/04/2017,31.1,30.7,31.2,30.2"
"17/04/2017,30.3,31.3,31.9,30.3"
"14/04/2017,31.3,31.95,32,31.3"
"13/04/2017,32,32.5,32.8,32"
"12/04/2017,32.5,33.3,33.35,32.5"
"11/04/2017,33.35,34.3,34.4,33.35"
"10/04/2017,34,33.45,34.15,33.45"
"07/04/2017,33.6,33.6,33.9,33.25"
"05/04/2017,33.6,33.75,34.45,33.6"
"04/04/2017,32.9,33.5,33.5,32.5"
"03/04/2017,33.3,32.5,33.4,32.4"
"30/03/2017,31.95,32.15,32.3,31.9"
"29/03/2017,31.9,32.3,32.5,31.7"
"28/03/2017,32.3,32.7,32.75,32.3"
"27/03/2017,32.7,32.1,32.7,32.05"
"24/03/2017,32.05,32.4,32.5,32"
"23/03/2017,32.3,31.9,32.4,31.8"
"22/03/2017,32,32.75,32.75,31.9"
"21/03/2017,32.75,32.6,32.85,32.2"
"20/03/2017,32.6,32.9,33.2,32.6"
"17/03/2017,32.3,32.8,33.2,32.3"
"16/03/2017,32.5,31.3,32.5,31.25"
"15/03/2017,31.4,31.4,31.55,31.15"
"14/03/2017,31.45,31.5,31.65,31.2"
"13/03/2017,31.45,31.5,31.5,31"
"10/03/2017,31.55,31.55,32.1,31.4"
"09/03/2017,31.6,30.9,31.9,30.9"
"08/03/2017,30.9,30.6,31.5,30.45"
"07/03/2017,30.75,30.85,30.85,30.45"
"06/03/2017,30.75,30.65,30.8,30.4"
"02/03/2017,30.45,30.9,31.2,30.4"
"01/03/2017,30.6,31.1,31.2,29.8"
"28/02/2017,31.2,31.8,32.4,31.2"
"27/02/2017,31.35,31.35,31.85,30.8"
"24/02/2017,31.1,31.95,31.95,31.05"
"23/02/2017,31.7,31.7,32.1,31.2"
"22/02/2017,31.55,31.35,32.25,31.1"
"21/02/2017,31.2,31.7,32.2,31.2"
"20/02/2017,31.7,30.35,31.7,30.2"
"17/02/2017,30.1,29.9,30.4,29.8"
"16/02/2017,29.9,30.5,30.9,29.85"
"15/02/2017,30.5,30.75,30.75,30.3"
"14/02/2017,30.65,30.7,31.2,30.3"
"13/02/2017,30.6,29.5,30.8,29.5"
"10/02/2017,29.35,29.25,29.65,29.2"
"09/02/2017,29.25,29.6,29.6,29.25"
"08/02/2017,29.6,29.7,29.7,29.25"
"07/02/2017,29.55,28.65,29.7,28.65"
"06/02/2017,28.65,28.2,28.85,28"
"02/02/2017,28.05,28.1,28.2,27.9"
"25/01/2017,28.05,28.1,28.1,27.8"
"24/01/2017,27.9,27.3,27.9,27.3"
"23/01/2017,27.3,27.8,27.8,27.2"
"20/01/2017,27.8,27.9,28,27.8"
"19/01/2017,27.95,27.9,28.15,27.9"
"18/01/2017,28.1,28.2,28.5,28.1"
"17/01/2017,28.1,28,28.2,27.9"
"16/01/2017,28,28.4,28.45,27.9"
"13/01/2017,28.45,28.2,28.9,28.2"
"12/01/2017,28.2,28,28.4,28"
"11/01/2017,27.85,28.1,28.15,27.8"
"10/01/2017,28,28.4,28.4,27.8"
"09/01/2017,28.4,28.5,28.6,28.4"
"06/01/2017,28.5,28.3,28.9,28.3"
"05/01/2017,28.25,28.1,28.7,28.1"
"04/01/2017,28.1,28.2,28.45,27.95"
"03/01/2017,28.3,28.3,28.3,27.2"
"30/12/2016,27.2,27.5,27.5,27.2"
"28/12/2016,27.25,27.1,27.3,27.1"
"27/12/2016,27.2,27.2,27.35,27.05"
"26/12/2016,27.35,27.4,27.6,27.25"
"23/12/2016,27.1,27.4,27.4,27"
"22/12/2016,27.4,28,28.1,27.4"
"21/12/2016,27.9,27.8,28.15,27.75"
"20/12/2016,27.8,28.1,28.2,27.8"
"19/12/2016,28.3,27,28.3,26.85"
"16/12/2016,26.85,26.5,27.1,26.5"
"15/12/2016,26.45,26.45,26.5,26"
"14/12/2016,26.45,25.6,26.45,25.6"
"13/12/2016,25.6,25.8,26,25.6"
"12/12/2016,25.55,25.2,25.6,25.2"
"09/12/2016,25.6,25.6,25.8,25.4"
"08/12/2016,25.6,26.2,26.2,25.6"
"07/12/2016,25.9,25.85,26.3,25.8"
"06/12/2016,26,26.45,26.5,26"
"05/12/2016,26.5,26.85,26.85,26.5"
"02/12/2016,26.85,26.7,26.9,26.65"
"30/11/2016,26.8,26.5,26.8,26.5"
"29/11/2016,26.5,26.5,26.65,26.4"
"28/11/2016,26.5,26.9,26.9,26.3"
"25/11/2016,26.85,27.05,27.05,26.75"
"24/11/2016,26.75,27,27.2,26.75"
"23/11/2016,27,27.15,27.25,27"
"22/11/2016,27.1,26.8,27.15,26.8"
"21/11/2016,26.8,26.8,26.9,26.6"
"18/11/2016,26.75,26.9,26.9,26.5"
"17/11/2016,26.9,27.1,27.15,26.85"
"16/11/2016,27.1,27.05,27.3,26.95"
"15/11/2016,26.9,26.65,27.05,26.65"
"14/11/2016,26.65,26.7,26.75,26.6"
"11/11/2016,26.7,27.1,27.2,26.7"
"10/11/2016,27.2,27.3,27.3,26.7"
"09/11/2016,26.7,27,27,25.5"
"08/11/2016,27.2,27.2,27.45,27"
"07/11/2016,27,26.7,27.1,26.5"
"04/11/2016,26.5,26.95,26.95,26.5"
"02/11/2016,27.5,27.8,28,27.5"
"01/11/2016,27.95,28,28.2,27.9"
"31/10/2016,28,28,28.35,27.9"
"28/10/2016,28.2,28.1,28.3,28"
"27/10/2016,28,27.95,28.2,27.8"
"26/10/2016,27.95,28.3,28.4,27.9"
"25/10/2016,28.3,28.4,28.45,28.2"
"24/10/2016,28.4,28.85,28.85,28.4"
"21/10/2016,28.85,29.4,29.7,28.8"
"20/10/2016,28.9,29,29.5,28.9"
"19/10/2016,28.9,28.7,29.3,28.6"
"18/10/2016,28.6,28.5,28.85,28.5"
"17/10/2016,28.6,28.7,29,28.6"
"14/10/2016,28.7,29.1,29.1,28.7"
"13/10/2016,28.85,28.8,28.85,28.55"
"12/10/2016,28.7,28.9,29.1,28.7"
"11/10/2016,28.9,29,29,28.65"
"10/10/2016,28.9,29,29.2,28.8"
"07/10/2016,29,29,29,28.7"
"05/10/2016,28.9,29.15,29.4,28.9"
"04/10/2016,29.15,29.5,29.75,29.1"
"03/10/2016,29.4,29.4,29.8,29.4"
"30/09/2016,29.4,29.8,29.85,29.4"
"29/09/2016,29.8,30.1,30.3,29.7"
"28/09/2016,30,29.6,30.2,29.6"
"27/09/2016,29.6,29.4,29.65,29.25"
"26/09/2016,29.3,29.4,29.45,29.1"
"23/09/2016,29.4,29.3,29.8,29.3"
"22/09/2016,29.3,29.1,29.55,29"
"21/09/2016,28.8,28.9,29,28.75"
"20/09/2016,28.9,28.9,28.95,28.5"
"19/09/2016,28.95,28.8,29,28.7"
"16/09/2016,28.6,28.4,28.7,28.4"
"15/09/2016,28.4,28.6,28.85,28.4"
"14/09/2016,28.75,28.9,29.1,28.75"
"13/09/2016,29,29.35,29.45,29"
"12/09/2016,29.35,30.2,30.2,29.35"
"09/09/2016,30.2,29.4,30.4,29.4"
"07/09/2016,28.9,28.9,29,28.8"
"06/09/2016,28.9,29,29.2,28.9"
"05/09/2016,28.8,29,29.1,28.8"
"01/09/2016,29,29,29.2,28.8"
"31/08/2016,28.9,29,29.3,28.9"
"30/08/2016,28.9,28.9,29.2,28.7"
"29/08/2016,28.7,29.3,29.7,28.6"
"26/08/2016,29.3,28.6,29.6,28.6"
"25/08/2016,28.5,28.6,28.8,28.5"
"24/08/2016,28.6,28.8,28.9,28.5"
"23/08/2016,28.5,28.6,28.7,28.4"
"22/08/2016,28.4,28.6,28.8,28.4"
"19/08/2016,28.6,29,29,28.6"
"18/08/2016,28.9,29.1,29.3,28.8"
"17/08/2016,29,29.5,29.5,28.8"
"16/08/2016,29.3,29.3,29.8,29.3"
"15/08/2016,29.1,28.7,29.1,28.6"
"12/08/2016,28.7,29.5,29.6,28.7"
"11/08/2016,29.2,29.2,29.5,28.9"
"09/08/2016,28.7,28.3,28.8,28.3"
"08/08/2016,28.4,28.5,28.7,28.2"
"05/08/2016,28.5,28.2,28.5,27.7"
"04/08/2016,28.5,29.6,29.6,28.5"
"03/08/2016,29.2,29,29.5,28.9"
"02/08/2016,29.8,30.6,30.6,29.8"
"01/08/2016,30.9,31.2,31.5,30.8"
"29/07/2016,31.2,31.1,31.7,31"
"28/07/2016,31,30.7,31.3,30.5"
"27/07/2016,30.7,30.7,30.9,30.6"
"26/07/2016,30.5,30.5,30.7,30.1"
"25/07/2016,30.3,30.6,30.9,30.3"
"22/07/2016,30.6,31.1,31.3,30.3"
"21/07/2016,31.1,32.1,32.3,31.1"
"20/07/2016,31.9,32.5,32.8,31.8"
"19/07/2016,32.8,33.3,33.7,32.2"
"18/07/2016,32.9,32,32.9,32"
"15/07/2016,32,32,32.7,31.9"
"14/07/2016,32.1,33.3,33.6,32"
"10/09/2024,28.85,29.3,29.35,28.35"
"09/09/2024,29.15,29.05,29.45,28.75"
"06/09/2024,29.3,29,29.4,28.65"
"05/09/2024,29.15,29.3,29.8,28.8"
"04/09/2024,29.15,28.65,29.25,28.65"
"30/08/2024,29.3,29.2,29.55,28.95"
"29/08/2024,29.2,29.35,29.6,29.05"
"28/08/2024,29.45,29.4,29.8,28.95"
"27/08/2024,29.2,29.4,29.75,29"
"26/08/2024,29.7,29.1,29.95,28.75"
"23/08/2024,28.75,28,28.95,27.65"
"22/08/2024,28,27.6,28,27.3"
"21/08/2024,27.5,27.4,27.6,27.2"
"20/08/2024,27.4,27.15,27.75,26.95"
"19/08/2024,27.15,27.5,27.6,26.95"
"16/08/2024,27.2,25.75,27.2,25.65"
"15/08/2024,25.5,25.8,26,25.35"
"14/08/2024,25.9,26.1,26.3,25.55"
"13/08/2024,26,25.9,26.1,25.3"
