Date,Closing Price,Opening Price,Highest Price,Lowest Price
28/06/2021,53.9,54.8,54.8,53.2
25/06/2021,53.7,50.5,53.7,50.4
24/06/2021,50.2,50,50.5,49.7
23/06/2021,49.9,49.5,50.8,49.2
22/06/2021,49.5,49.9,49.9,49.1
21/06/2021,49,50.1,50.5,48.9
18/06/2021,50.5,51.5,51.5,50.1
17/06/2021,50.5,48.1,51.4,48.1
16/06/2021,49.4,50.8,51.7,48.95
15/06/2021,52,52,53.5,51.5
14/06/2021,53,50.5,53.6,50
11/06/2021,50.1,46.5,50.2,46.4
10/06/2021,47,46.7,47.75,46.5
09/06/2021,46.7,44.6,47.05,43
08/06/2021,44,47,47.9,44
07/06/2021,47.15,48.2,49.3,45.5
04/06/2021,48.75,48.8,50,48
03/06/2021,48.9,47.7,49.2,47
02/06/2021,46,43,46,43
01/06/2021,43.7,45,45.3,43.3
28/05/2021,41.8,39.9,41.9,39.5
27/05/2021,39.6,40.95,41.1,39
26/05/2021,40.95,40.8,41.7,40.5
25/05/2021,40.9,39.8,41,39.5
24/05/2021,39.8,39.2,39.85,38.6
21/05/2021,39,39,40.3,38.5
20/05/2021,38.5,36.15,38.5,36
19/05/2021,36,35.25,36.2,35
18/05/2021,35.25,35.4,35.9,34.9
17/05/2021,35.45,36,36.3,35.3
14/05/2021,35.3,35.35,35.9,35.05
13/05/2021,35.05,34.4,36.15,34.4
12/05/2021,34.8,34,34.85,34
11/05/2021,34.2,35,35.3,34.2
10/05/2021,34.7,32.5,34.9,32.3
07/05/2021,32.7,32.5,33.5,32.4
06/05/2021,32.85,33.5,33.95,32.75
05/05/2021,33.6,33.1,34.2,32.95
04/05/2021,32.9,31.8,32.9,31.6
28/04/2021,32.1,31.8,32.55,31.7
27/04/2021,31.8,31.7,32,31.15
26/04/2021,31.7,33,33.1,31.6
23/04/2021,33,32,33,31.55
22/04/2021,31.75,33.6,34,31.75
20/04/2021,34.1,35.5,35.55,33.9
19/04/2021,34.8,34.5,34.8,33.8
16/04/2021,34,34.65,35.05,33.3
15/04/2021,34.85,35.95,35.95,34.7
14/04/2021,35.95,35.2,36.2,35
13/04/2021,35.6,36.9,36.9,35.15
12/04/2021,36.5,35.6,36.85,35.2
09/04/2021,35.25,35.1,35.7,35
08/04/2021,35.2,35.7,35.7,34.95
07/04/2021,35.35,35,35.5,34.8
06/04/2021,35,34.5,35.3,34.5
05/04/2021,35,35,35.5,34.4
02/04/2021,34.3,34.9,34.95,34.05
01/04/2021,33.95,31.8,33.95,31.75
30/03/2021,31.8,31.9,31.9,31.2
29/03/2021,31.4,31.3,31.45,31
26/03/2021,30.9,30.65,31.1,29.4
25/03/2021,30.8,31.5,31.75,30.7
24/03/2021,31.3,32.3,32.75,31
23/03/2021,32.9,33.4,33.4,32.55
22/03/2021,33.4,33.6,33.75,33.2
19/03/2021,33.3,33.1,34,33.1
18/03/2021,33.3,33.2,33.5,33
17/03/2021,32.6,32.45,32.9,32.35
16/03/2021,32.7,33.2,33.2,32.4
15/03/2021,33.2,33.5,33.7,33.2
12/03/2021,33.5,33.95,34.1,33.4
11/03/2021,33.95,33.6,34.3,33.3
10/03/2021,33.1,32.8,33.25,32.3
09/03/2021,33.05,33.3,33.55,32.75
08/03/2021,33.55,34.15,34.45,33.35
05/03/2021,33.45,33,33.45,32.5
04/03/2021,33.45,34.95,34.95,33
02/03/2021,35.05,35.5,35.5,34.65
01/03/2021,35,33.6,35.1,33.3
26/02/2021,33.2,32.7,33.4,32.6
25/02/2021,33.45,33.7,33.75,32.9
24/02/2021,33.45,34.3,34.45,33
23/02/2021,33.6,32.95,33.95,32.65
22/02/2021,32.85,33.15,33.75,32.7
19/02/2021,33.15,32.7,33.6,32.7
18/02/2021,33.3,33.5,33.75,32.75
17/02/2021,33.55,32.5,33.6,32.2
09/02/2021,31.75,31.75,31.9,29.6
08/02/2021,30.6,30.6,32.75,29.6
05/02/2021,31.5,29.8,31.5,29.75
04/02/2021,29.7,29.7,30.6,29.2
03/02/2021,29.7,28.5,29.7,28
02/02/2021,27.8,26.7,28,25.7
01/02/2021,26.8,28.8,29.5,26.8
29/01/2021,28.8,26,29.65,26
28/01/2021,27.75,27.75,28.25,27.75
26/01/2021,32,33.45,33.6,31.6
25/01/2021,33.7,33.2,34.55,32.9
22/01/2021,33.75,34.3,34.7,33.4
21/01/2021,34.55,33.4,35,33
20/01/2021,33.3,34.2,34.5,31.55
19/01/2021,33.8,35.8,36.35,33.8
18/01/2021,36.3,36.95,36.95,36.05
15/01/2021,36.95,35.8,37.25,35.45
14/01/2021,35.35,33.5,35.8,33
13/01/2021,33.5,34.5,34.5,33.4
12/01/2021,34.1,33.2,34.5,32.5
11/01/2021,33.55,34.1,34.2,33.05
08/01/2021,34.15,34.9,34.9,33.55
07/01/2021,34.4,34.5,34.6,33.55
06/01/2021,34,34.2,34.95,33
05/01/2021,33.75,33.25,34.1,33.1
04/01/2021,33.8,34.5,34.6,33.8
31/12/2020,33.1,31.5,33.45,31.45
30/12/2020,31.5,31.5,31.95,31
28/12/2020,32,31.7,32.25,31.1
25/12/2020,30.3,28,30.3,27.65
24/12/2020,28.35,28.7,28.8,26.8
23/12/2020,28.8,29.35,29.4,28.5
22/12/2020,29.6,29,29.95,28.45
21/12/2020,28.65,27.4,28.65,27.2
18/12/2020,26.8,25.4,26.8,25.15
17/12/2020,25.05,24.8,25.6,24.6
16/12/2020,25.05,25.6,25.8,25
15/12/2020,25.5,24.8,26.1,24.8
14/12/2020,25.15,24.1,25.15,24
11/12/2020,23.55,22.8,23.55,22.55
10/12/2020,22.8,22.7,23.25,22.4
09/12/2020,22.7,22.2,23.2,22.2
08/12/2020,21.9,20.65,21.95,20.65
07/12/2020,20.55,20.55,20.6,20.25
04/12/2020,20.05,20.2,20.3,20
03/12/2020,20.2,19.9,20.4,19.8
02/12/2020,19.7,19.4,19.85,19.35
30/11/2020,19.25,19.4,19.6,19.2
27/11/2020,19.35,19.15,19.4,19.15
26/11/2020,19.15,19.15,19.3,18.85
25/11/2020,19.2,19.2,19.3,18.95
24/11/2020,18.95,18.8,19.1,18.6
23/11/2020,18.7,18.2,18.75,18.05
20/11/2020,18.2,18.45,18.5,18.1
19/11/2020,18.45,18.55,18.6,18.3
18/11/2020,18.4,18.3,18.6,18.2
17/11/2020,18.25,17.85,18.25,17.65
16/11/2020,17.7,18,18.1,17.7
13/11/2020,17.8,17.6,17.8,17.45
12/11/2020,17.5,17.6,17.7,17.45
11/11/2020,17.5,17.8,17.9,17.5
10/11/2020,17.7,17.75,18.05,17.6
09/11/2020,17.5,17.25,17.6,17.25
06/11/2020,17.15,17.25,17.35,17.05
05/11/2020,17.25,17.4,17.55,17.25
04/11/2020,17.5,17.4,17.55,17.25
02/11/2020,17.15,17.1,17.15,16.9
30/10/2020,17.1,17.1,17.15,16.7
29/10/2020,17.1,16.5,17.1,16.45
28/10/2020,16.7,17.1,17.25,16.5
27/10/2020,17.2,17.5,17.65,17.2
26/10/2020,17.6,17.9,18.1,17.6
23/10/2020,17.9,18.1,18.15,17.7
22/10/2020,18,17.55,18,17.4
21/10/2020,17.7,18.2,18.3,17.7
20/10/2020,18.2,18.35,18.35,17.9
19/10/2020,18.35,18.3,18.7,18.15
16/10/2020,18.15,18.1,18.3,17.95
15/10/2020,18.15,18.3,18.35,18.05
14/10/2020,18.1,17.6,18.1,17.45
13/10/2020,17.55,17.85,17.95,17.55
12/10/2020,17.85,18.2,18.2,17.75
09/10/2020,18,18,18.25,17.85
08/10/2020,17.85,18,18.05,17.6
07/10/2020,17.85,18,18.15,17.8
05/10/2020,18.25,18.05,18.3,17.8
02/10/2020,17.75,17.9,18.05,17
01/10/2020,17.8,17.1,18,17
30/09/2020,16.95,16.75,17,16.6
29/09/2020,16.75,17.1,17.15,16.7
28/09/2020,16.9,16.55,16.95,16.55
25/09/2020,16.45,16.6,16.65,16.25
24/09/2020,16.55,16.6,16.8,16.5
23/09/2020,16.7,16.55,16.8,16.55
22/09/2020,16.55,16.35,16.6,16.35
21/09/2020,16.5,16.45,16.75,16.35
18/09/2020,16.3,16,16.45,15.95
17/09/2020,16,15.95,16.05,15.8
16/09/2020,15.9,15.8,16.1,15.8
15/09/2020,15.8,15.8,16.15,15.75
14/09/2020,15.75,15.85,15.9,15.65
11/09/2020,15.75,15.85,15.95,15.7
10/09/2020,15.85,15.95,16.15,15.85
09/09/2020,15.85,15.5,15.9,15.45
07/08/2020,14.25,14.35,14.45,14.2
06/08/2020,14.35,14.45,14.55,14.3
05/08/2020,14.5,14.2,14.7,14.15
04/08/2020,14.35,14.35,14.45,14.05
03/08/2020,14.1,13.5,14.2,13.5
31/07/2020,13.55,13.4,13.8,13.35
30/07/2020,13.75,13.6,13.9,13.6
28/07/2020,14.2,13.8,14.2,13.35
27/07/2020,13.3,13.5,14,13.3
24/07/2020,14.3,14.85,14.9,13.95
23/07/2020,14.9,15.1,15.15,14.85
22/07/2020,15.05,15.4,15.45,15.05
21/07/2020,15.25,15.65,15.7,15.1
20/07/2020,15.45,15.45,16,15.45
17/07/2020,16.7,16.55,16.95,16.5
16/07/2020,16.6,16.6,16.7,16.5
15/07/2020,16.55,16.8,16.8,16.5
14/07/2020,16.7,15.9,16.7,15.9
10/07/2020,15.95,15.75,16.15,15.75
09/07/2020,15.85,15.9,16,15.7
08/07/2020,15.7,15.5,15.7,15.35
07/07/2020,15.55,15.7,15.85,15.5
06/07/2020,15.6,15.3,15.6,15.15
03/07/2020,15.15,15.3,15.3,15.1
02/07/2020,15.15,15.3,15.3,15.05
01/07/2020,15.3,14.95,15.4,14.75
30/06/2020,14.8,15.2,15.25,14.45
29/06/2020,14.8,15.5,15.5,14.65
26/06/2020,15.5,15.9,16.2,15.45
25/06/2020,15.8,15.65,15.85,15.4
24/06/2020,15.75,16.1,16.35,15.7
22/06/2020,15.2,15.3,15.5,14.95
19/06/2020,15.3,15,15.3,14.9
18/06/2020,15,14.7,15,14.7
17/06/2020,15,15.15,15.25,14.85
16/06/2020,15.2,15,15.25,14.75
12/06/2020,15.5,14.6,15.5,14.3
11/06/2020,14.9,16,16.2,14.9
10/06/2020,16,15.75,16.1,15.4
09/06/2020,15.85,16.3,16.3,15.8
08/06/2020,16.05,16.2,16.2,15.9
05/06/2020,15.7,15.7,15.8,15.5
04/06/2020,15.7,15.45,15.95,15.45
03/06/2020,15.2,15.1,15.2,15
02/06/2020,15.05,15.3,15.35,15
01/06/2020,15.2,14.9,15.3,14.85
29/05/2020,14.8,14.8,14.9,14.65
28/05/2020,14.85,14.9,15.1,14.8
27/05/2020,14.9,15.5,15.55,14.9
26/05/2020,15.35,14.7,15.4,14.65
25/05/2020,14.55,14.4,14.6,14.3
22/05/2020,14.3,14.2,14.7,14.1
21/05/2020,14.35,14.45,14.5,14.2
20/05/2020,14.3,14.25,14.4,14.2
19/05/2020,14.3,14.5,14.6,14.2
14/05/2020,14.25,13.85,14.65,13.85
13/05/2020,14.05,14,14.3,13.7
12/05/2020,14.2,14,14.35,13.8
11/05/2020,14.15,14.15,14.15,13.65
08/05/2020,13.5,13.2,13.8,13.2
07/05/2020,13.2,12.95,13.2,12.9
06/05/2020,12.95,12.75,13,12.7
05/05/2020,12.65,12.7,12.9,12.6
04/05/2020,12.7,12.9,13,12.7
29/04/2020,13,13,13.1,12.9
28/04/2020,12.95,13.1,13.1,12.8
27/04/2020,13.1,13.35,13.35,13.05
24/04/2020,13.25,13.25,13.35,13.05
23/04/2020,13.3,13.5,13.8,13.3
22/04/2020,13.3,12.5,13.45,12.5
21/04/2020,12.85,13.3,13.45,12.75
20/04/2020,13.7,13.65,13.8,13.45
17/04/2020,13.6,13.5,13.8,13.45
15/04/2020,13.35,13.3,13.45,13.2
14/04/2020,13.2,13.05,13.2,12.75
13/04/2020,13.15,13.15,13.4,13
10/04/2020,13.3,13.3,13.6,13
09/04/2020,13.2,13,13.2,12.95
08/04/2020,14.35,13.9,14.5,13.6
06/04/2020,14.15,13.95,14.15,13.8
03/04/2020,13.25,12.9,13.25,12.8
01/04/2020,12.4,11.6,12.4,11.6
31/03/2020,11.6,11.65,11.95,11.1
30/03/2020,11.5,11.9,11.9,11.5
27/03/2020,12.35,13,13.05,12.35
26/03/2020,12.95,13.2,13.25,12.9
25/03/2020,13.35,13,13.35,12.75
24/03/2020,12.5,12.95,13,12.2
23/03/2020,12.9,13.2,13.4,12.9
20/03/2020,13.85,14,14.05,13.6
19/03/2020,13.7,13.4,13.9,13.3
17/03/2020,14.2,14.2,14.2,12.8
16/03/2020,13.3,13.5,13.6,13.2
13/03/2020,13.3,12.7,13.75,12.7
12/03/2020,13.55,13.8,14,13.5
11/03/2020,14.5,15.85,15.85,14.5
10/03/2020,15.55,14.9,15.65,14.9
09/03/2020,15.55,15.55,15.8,15.55
06/03/2020,16.7,16.75,16.75,16.45
05/03/2020,16.8,16.55,16.95,16.45
04/03/2020,16.25,16,16.45,15.9
03/03/2020,15.95,16.1,16.25,15.95
02/03/2020,15.8,16.05,16.1,15.75
27/02/2020,16.5,16,16.5,15.95
26/02/2020,16.1,16,16.7,15.9
25/02/2020,16.4,15.85,16.45,15.85
24/02/2020,16.25,17.05,17.15,16.25
21/02/2020,17.45,17.6,17.65,17.45
20/02/2020,17.6,17.7,17.85,17.5
18/02/2020,17.55,17.65,17.7,17.4
17/02/2020,17.65,17.8,17.95,17.65
14/02/2020,17.8,17.6,17.85,17.5
13/02/2020,17.6,17.6,17.7,17.55
12/02/2020,17.8,17.5,17.8,17.5
11/02/2020,17.45,17.55,17.6,17.4
10/02/2020,17.55,17.2,17.6,16.8
07/02/2020,17.7,17.7,17.95,17.5
06/02/2020,17.7,17,17.7,16.9
05/02/2020,16.95,17.1,17.25,16.9
04/02/2020,17,17.1,17.25,16.8
03/02/2020,17.05,17.05,17.1,16.5
31/01/2020,17.7,18.1,18.3,17.25
30/01/2020,18.5,18.95,18.95,18.1
22/01/2020,19.3,19.25,19.4,19.15
21/01/2020,19.25,19.1,19.45,19.05
20/01/2020,19.25,19.25,19.25,19
17/01/2020,19.25,19.2,19.5,19
14/01/2020,18.4,18.3,18.45,18.25
13/01/2020,18.3,18.2,18.5,18.2
10/01/2020,18.3,18,18.35,17.9
09/01/2020,17.95,17.95,18.05,17.85
08/01/2020,17.75,18.05,18.1,17.55
07/01/2020,18.25,18.2,18.3,18.15
06/01/2020,18.2,18.15,18.3,18.05
03/01/2020,18.25,18.5,18.6,18.15
02/01/2020,18.4,18.1,18.4,18.05
31/12/2019,18.05,18.15,18.2,18.05
30/12/2019,18.15,18.3,18.45,18.1
27/12/2019,18.1,18.15,18.25,18.05
26/12/2019,18.25,18.15,18.3,18.1
25/12/2019,18.2,18.35,18.35,18.15
24/12/2019,18.35,18.3,18.45,18.2
23/12/2019,18.35,18.3,18.5,18.3
20/12/2019,18.3,18.2,18.45,18.1
19/12/2019,18.1,18.4,18.6,18.1
18/12/2019,18.4,18.75,18.85,18.4
16/12/2019,19.05,19.2,19.3,19
13/12/2019,19.2,19.5,19.55,19.2
12/12/2019,19.4,19.15,19.4,18.95
11/12/2019,19,19.15,19.3,18.75
10/12/2019,19.2,19.6,19.6,19.1
06/12/2019,19.5,19.65,19.7,19.5
05/12/2019,19.6,19.9,20,19.6
04/12/2019,19.8,19.35,19.8,19.3
03/12/2019,19.3,19.25,19.6,19.25
02/12/2019,19.5,19.8,19.95,19.5
29/11/2019,19.8,19.85,19.95,19.8
28/11/2019,19.85,19.9,20,19.75
27/11/2019,19.85,20.1,20.1,19.85
26/11/2019,20,20.3,20.4,20
25/11/2019,20.25,20.2,20.3,20.05
22/11/2019,20.1,20.6,20.65,20.05
21/11/2019,20.4,20.9,20.9,20.4
20/11/2019,20.9,21.15,21.15,20.9
18/11/2019,21,21.15,21.2,20.95
15/11/2019,21.1,21.4,21.45,21.1
14/11/2019,21.45,21.6,21.7,21.3
13/11/2019,21.65,21.7,21.75,21.5
12/11/2019,21.65,21.7,21.9,21.65
11/11/2019,21.7,22.05,22.05,21.7
08/11/2019,22.05,22.25,22.3,21.95
07/11/2019,22.05,21.7,22.2,21.65
06/11/2019,21.7,21.8,21.85,21.65
05/11/2019,21.8,21.85,21.95,21.75
04/11/2019,21.75,21.6,21.85,21.55
31/10/2019,21.35,21.4,21.45,21
30/10/2019,21.35,21.15,21.4,21.15
29/10/2019,21.15,21.25,21.4,21.15
28/10/2019,21.25,21.5,21.65,21.25
25/10/2019,21.3,21.3,21.45,21.25
24/10/2019,21.3,20.9,21.3,20.85
23/10/2019,20.8,20.85,21,20.8
21/10/2019,20.8,20.9,21,20.8
18/10/2019,21.1,21.3,21.5,21.1
17/10/2019,21.35,21.55,21.55,21.3
16/10/2019,21.55,21.55,21.7,21.5
15/10/2019,21.6,21.85,21.85,21.55
14/10/2019,21.75,21.5,21.9,21.5
11/10/2019,21.3,21.35,21.4,21.2
10/10/2019,21.3,21.3,21.5,21.25
09/10/2019,21.3,21.5,21.6,21.2
08/10/2019,21.4,21.65,21.55,21.05
07/10/2019,21.1,21.65,21.8,21.1
04/10/2019,21.6,22.8,22.8,21.6
03/10/2019,23.4,23.15,23.5,23
02/10/2019,23.4,23.1,23.7,23
01/10/2019,23.15,22.9,23.2,22.85
30/09/2019,23,23.35,23.4,22.95
27/09/2019,23.2,22.75,23.25,22.6
25/09/2019,21.65,21.6,21.75,21.45
23/09/2019,21.35,21.6,21.65,21.35
20/09/2019,21.45,21.8,21.8,21.35
19/09/2019,21.75,21.75,21.75,21.4
18/09/2019,21.6,20.9,21.9,21.55
17/09/2019,21.65,20.9,21.65,21.3
16/09/2019,21.45,20.9,21.75,21.45
13/09/2019,21.35,20.9,21.5,20.85
12/09/2019,20.85,20.85,21,20.75
11/09/2019,20.75,20.8,20.85,20.6
10/09/2019,20.7,21.2,21.2,20.7
09/09/2019,20.9,21.1,21.1,20.8
06/09/2019,21.1,21.1,21.35,21.1
05/09/2019,21.3,21.5,21.55,21.2
04/09/2019,21.4,21.35,21.4,21.15
03/09/2019,21.45,21.35,21.5,21.15
30/08/2019,21.5,21.3,21.55,21.3
29/08/2019,21.15,21.3,21.4,21.1
28/08/2019,21.35,21.4,21.55,21.3
27/08/2019,21.4,21.75,21.8,21.35
23/08/2019,22.3,22.4,22.4,22.1
22/08/2019,22.4,22.55,22.65,22.3
21/08/2019,22.5,22,22.5,21.95
20/08/2019,22.1,22.2,22.4,22.05
16/08/2019,22.25,21.85,22.8,21.7
15/08/2019,21.85,21.5,21.85,21.1
14/08/2019,21.8,22,22.05,21.75
13/08/2019,21.85,21.75,21.85,21.6
12/08/2019,22.15,22.1,22.25,21.8
09/08/2019,22,21.65,22.2,21.5
08/08/2019,21.2,21.2,21.7,20.75
07/08/2019,21.2,21.8,22,21.15
06/08/2019,21.65,21.8,21.9,21.5
05/08/2019,22.3,23,23.05,22.3
02/08/2019,23.05,23,23.25,22.8
01/08/2019,23.3,23.2,23.45,23.1
31/07/2019,23.2,23.1,23.35,22.9
30/07/2019,23.35,24.1,24.35,23.35
26/07/2019,24.4,24.35,24.55,24.15
25/07/2019,24.35,24.65,24.8,24.3
24/07/2019,24.7,25.25,25.25,24.65
23/07/2019,25.1,25.2,25.25,25
22/07/2019,25.05,25.4,25.45,24.9
19/07/2019,25.6,25.65,25.8,25.55
18/07/2019,25.55,25.55,25.75,25.5
17/07/2019,25.8,25.1,25.9,25
16/07/2019,25,24.95,25.1,24.95
15/07/2019,25,25.25,25.05,24.9
12/07/2019,25.05,25.25,25.35,25
11/07/2019,25.1,25.1,25.15,25
10/07/2019,24.9,25.05,25.25,24.9
09/07/2019,25.05,25.05,25.15,24.85
08/07/2019,25.1,25.35,25.35,25
05/07/2019,25.35,25.5,25.5,25.2
04/07/2019,25.2,24.9,25.3,24.75
03/07/2019,24.85,24.9,24.9,24.7
02/07/2019,24.75,24.75,25.05,24.7
28/06/2019,24.8,24.8,24.8,24.55
27/06/2019,24.6,24.6,24.8,24.5
26/06/2019,24.8,24.8,24.95,24.75
25/06/2019,24.85,24.75,25,24.75
24/06/2019,24.9,25.2,25.25,24.7
21/06/2019,25.1,25.1,25.4,25.1
20/06/2019,25.1,24.85,25.25,24.8
19/06/2019,24.8,24.8,24.85,24.6
18/06/2019,24.45,24.6,24.7,24.45
17/06/2019,24.6,24.7,24.9,24.6
14/06/2019,24.8,24.8,25.05,24.8
13/06/2019,24.8,24.7,24.9,24.65
12/06/2019,24.85,25.2,25.2,24.8
11/06/2019,25.2,25.2,25.25,25.1
10/06/2019,25.2,25.15,25.35,25.1
07/06/2019,25.05,24.9,25.05,24.9
06/06/2019,24.7,24.8,24.9,24.45
05/06/2019,24.85,25.15,25.15,24.85
04/06/2019,24.8,24.85,24.9,24.55
31/05/2019,24.85,25.1,25.2,24.85
30/05/2019,25.1,25.05,25.35,24.85
29/05/2019,25.05,25.2,25.3,24.95
28/05/2019,25.2,25.3,25.35,25.05
27/05/2019,25.35,25.55,25.6,25.35
24/05/2019,25.55,25.9,25.95,25.45
23/05/2019,26.05,25.7,26.05,25.7
22/05/2019,26.05,26.05,26.25,25.95
21/05/2019,26.05,26.2,26.3,25.95
20/05/2019,26.1,25.75,26.15,25.65
17/05/2019,25.7,25.55,25.9,25.5
16/05/2019,25.55,25.75,25.9,25.55
15/05/2019,25.75,25.3,25.9,25.1
14/05/2019,25.05,25,25.15,24.85
13/05/2019,25.2,25.1,25.25,25
10/05/2019,25.05,24.7,25.15,24.6
09/05/2019,24.6,24.85,24.95,24.5
08/05/2019,24.7,24.7,25.05,24.45
07/05/2019,24.9,25.5,25.55,24.8
03/05/2019,25.9,25.4,25.9,25.4
02/05/2019,25.6,25.85,26.05,25.6
26/04/2019,25.8,25.6,25.8,25.35
25/04/2019,25.5,25.7,25.7,25.4
24/04/2019,25.7,25.4,25.75,25.3
23/04/2019,25.15,25.2,25.35,25.05
22/04/2019,25.2,25.7,25.95,25
19/04/2019,26,26.35,26.4,25.95
18/04/2019,26,26.5,26.6,25.85
17/04/2019,26.55,26.75,27,26.5
16/04/2019,26.75,26.95,26.95,26.6
12/04/2019,27,27.25,27.25,27
11/04/2019,27.25,27.5,27.6,27.25
10/04/2019,27.45,27.5,27.9,27.4
09/04/2019,28,27.9,28.05,27.8
08/04/2019,27.8,27.55,27.8,27.5
05/04/2019,27.5,27.3,27.55,27.3
04/04/2019,27.3,27.3,27.65,27.3
03/04/2019,27.35,27.5,27.6,27.35
01/04/2019,27.7,27.4,27.8,27.25
29/03/2019,27.2,27.3,27.35,27.05
28/03/2019,27.05,27.1,27.2,26.95
27/03/2019,27.1,27.5,27.5,27.05
26/03/2019,27.1,27.1,27.3,26.95
25/03/2019,26.8,26.8,27.1,26.6
22/03/2019,27.5,27.6,27.95,27.4
21/03/2019,27.3,28.55,28.6,27.3
20/03/2019,28.55,28.9,28.9,28.25
19/03/2019,28.9,29.3,29.4,28.9
18/03/2019,29.2,29.55,29.55,29.05
15/03/2019,29.5,29.5,29.5,29.15
14/03/2019,29.45,29.5,29.6,29.15
13/03/2019,29.4,28.9,29.45,28.9
12/03/2019,28.8,28.9,28.9,28.4
11/03/2019,28.6,28.45,28.6,28.25
08/03/2019,28.45,28.5,28.7,28.4
07/03/2019,28.75,28.55,29.05,28.55
06/03/2019,28.8,29,29,28.55
04/03/2019,28.9,28.3,28.95,28.3
01/03/2019,28.2,27.9,28.2,27.9
28/02/2019,27.9,28.2,28.5,27.75
27/02/2019,28.25,28.5,28.6,28.25
26/02/2019,28.5,28.3,28.7,28.15
25/02/2019,28.6,28.5,28.8,28.45
22/02/2019,28.25,28,28.3,27.7
21/02/2019,27.9,27.55,27.9,27.5
20/02/2019,27.5,27.25,27.6,27.25
19/02/2019,27.25,27.1,27.65,27.1
18/02/2019,27.1,27.15,27.25,26.95
15/02/2019,26.85,27,27.15,26.75
14/02/2019,27.1,27.1,27.3,27.05
13/02/2019,27.2,27.25,27.5,27.15
12/02/2019,27.15,26.9,27.5,26.8
11/02/2019,26.9,26.3,26.9,26.2
01/02/2019,26.1,25.9,26.2,25.9
31/01/2019,26.1,26.1,26.5,25.85
30/01/2019,26,26.2,26.2,26
28/01/2019,26.05,26.2,26.35,25.95
25/01/2019,26.2,25.55,26.3,25.55
24/01/2019,25.55,25.7,25.8,25.5
23/01/2019,25.45,25.4,25.7,25.3
22/01/2019,25.55,25.6,25.9,25.55
21/01/2019,25.6,25.15,25.9,25.15
18/01/2019,25.15,25.2,25.35,24.9
17/01/2019,25.2,25.75,25.8,25.15
16/01/2019,25.75,25.75,26.1,25.65
15/01/2019,26,25.8,26.05,25.75
14/01/2019,25.8,26.2,26.2,25.8
11/01/2019,26.15,25.7,26.3,25.7
10/01/2019,25.55,25.7,25.95,25.55
09/01/2019,25.75,26,26.1,25.7
08/01/2019,25.7,26.15,26.15,25.65
07/01/2019,26.05,26.8,26.8,26.05
04/01/2019,26,26,26.2,25.45
03/01/2019,26,26.5,26.5,25.75
02/01/2019,26.5,26.5,26.9,26.25
27/12/2018,27,27.2,27.45,27
26/12/2018,26.65,26.8,27.1,26.6
25/12/2018,26.85,26.45,26.9,25.8
24/12/2018,27,27.8,28,26.9
21/12/2018,27.85,28,28,27.85
20/12/2018,28.15,28.05,28.5,27.95
19/12/2018,28.1,28.45,28.45,27.9
18/12/2018,28.2,27.8,28.55,27.8
17/12/2018,28.55,29.1,29.25,28.55
14/12/2018,29.3,29.4,29.65,29.3
13/12/2018,29.7,29.8,30,29.7
12/12/2018,29.65,29.35,29.65,29.2
11/12/2018,29.15,29.25,29.4,29.05
10/12/2018,29.25,29.3,29.5,29.25
07/12/2018,29.65,29.5,29.9,29.5
06/12/2018,29.4,29.4,29.6,29.3
05/12/2018,29.5,29.1,29.6,29
04/12/2018,29.45,29.5,29.75,29.25
03/12/2018,29.65,29.1,29.65,29
29/11/2018,28.3,28.5,28.75,28.25
28/11/2018,28.2,27.95,28.2,27.75
27/11/2018,27.95,27.95,28.2,27.8
26/11/2018,27.8,27.7,27.95,27.7
23/11/2018,27.9,28.65,28.65,27.9
22/11/2018,28.65,28.9,29,28.55
21/11/2018,28.9,28,28.9,27.9
20/11/2018,28.4,28.15,28.45,28.15
19/11/2018,28.5,27.9,28.5,27.9
16/11/2018,27.7,27.8,28,27.5
15/11/2018,27.6,27.8,27.9,27.35
14/11/2018,27.8,27.85,28.2,27.35
13/11/2018,27.85,27.5,28.15,27.5
12/11/2018,28.3,27.5,28.3,27.3
09/11/2018,27.8,28.5,28.6,27.8
08/11/2018,28.65,29,29,28.65
07/11/2018,28.5,28.6,28.75,28.05
06/11/2018,28.6,29.1,29.2,28.6
05/11/2018,28.9,28.4,29.1,28.3
01/11/2018,28,28.75,28.8,27.95
31/10/2018,28.65,28,28.8,27.85
30/10/2018,27.5,27.5,28.15,27.15
29/10/2018,27.4,27.5,27.55,27.1
26/10/2018,27.55,28.35,28.5,27.55
25/10/2018,28,26.5,28.2,26.5
24/10/2018,28.3,29,29.35,28.3
23/10/2018,29,29.5,29.8,28.55
22/10/2018,30,30.5,30.7,30
19/10/2018,30.15,29.9,30.5,29.7
18/10/2018,30.4,30.5,30.8,30.3
17/10/2018,30.8,30.8,30.95,30.6
16/10/2018,30.35,30.4,30.5,30
15/10/2018,30.3,30.95,30.95,30.15
12/10/2018,30.95,30.1,31.1,29.45
11/10/2018,30.35,30.35,31.9,30.35
10/10/2018,32.6,32.7,32.8,32
09/10/2018,32.65,32.55,32.8,32.45
08/10/2018,32.55,32.4,32.85,32.15
04/10/2018,33.3,32.7,33.3,32.5
03/10/2018,33.35,33.2,33.35,33
02/10/2018,33.05,33.05,33.45,32.95
01/10/2018,33.2,33.5,33.6,33.1
28/09/2018,33.5,33.7,33.8,33.5
27/09/2018,33.6,33.2,33.8,33
26/09/2018,33,32.9,33.4,32.9
25/09/2018,32.95,32.95,33.3,32.8
24/09/2018,33.15,33.25,33.35,32.95
21/09/2018,32.9,33,33.2,32.65
20/09/2018,32.6,32.2,32.8,32.15
19/09/2018,32.25,32.2,32.4,32
18/09/2018,32,31,32,30.8
17/09/2018,31.3,31.8,32.05,31.3
14/09/2018,32.1,31.8,32.4,31.8
13/09/2018,31.8,31.95,32.2,31.7
12/09/2018,31.7,32.45,32.5,31.7
11/09/2018,32.2,31.1,32.2,31.1
10/09/2018,31.3,31.3,31.6,31.25
06/09/2018,30.9,30.75,31,30.6
05/09/2018,30.9,30.5,30.95,30.2
04/09/2018,30.7,31.3,31.6,30.65
31/08/2018,31.6,31.85,32.25,31.6
30/08/2018,32.25,31.65,32.25,31.4
29/08/2018,31.9,31.5,31.95,31.25
28/08/2018,31.7,31,31.9,30.95
27/08/2018,30.85,30.5,31.25,30.4
24/08/2018,30.2,30.55,30.7,30
23/08/2018,30.55,30.25,30.7,30.1
22/08/2018,30.2,30.9,30.9,30.2
21/08/2018,30.6,29.15,30.6,29.15
20/08/2018,29.15,29.7,29.9,29.1
17/08/2018,29.7,30.3,30.4,29.7
16/08/2018,29.8,29.8,29.85,29.05
15/08/2018,30,31,31.1,29.8
14/08/2018,31,31.3,31.4,30.9
13/08/2018,31.5,30.1,31.5,29.95
10/08/2018,30.3,29.6,30.35,29.45
08/08/2018,29.55,29.15,29.6,29
07/08/2018,28.95,28.5,29.15,28.4
06/08/2018,28.6,28.9,29.2,28.4
03/08/2018,29.05,29.7,29.7,28.95
02/08/2018,29.35,28.6,29.35,28.3
01/08/2018,29,28.9,29.9,28.8
31/07/2018,28.9,28.6,29.2,28.2
30/07/2018,28.6,28.1,28.6,27.9
27/07/2018,27.9,27.9,28.3,27.65
26/07/2018,27.7,26.5,27.7,26.3
25/07/2018,26.5,27.4,27.8,26.5
24/07/2018,27.4,28.15,28.2,27.15
23/07/2018,28.15,28.15,29.2,28.15
20/07/2018,29.15,29.15,29.15,28.05
19/07/2018,28.9,29,29.4,28.7
18/07/2018,29.2,28.2,29.25,28.05
17/07/2018,27.8,27,27.9,26.75
16/07/2018,27.3,27.5,27.85,27.05
13/07/2018,27.45,26.8,27.5,26.2
11/07/2018,26,26.55,26.85,25.8
10/07/2018,27.65,27.8,28.35,27.6
09/07/2018,27.8,28.65,29,27.6
06/07/2018,28.6,26.85,28.7,26.3
05/07/2018,26.85,27,27.35,25.6
04/07/2018,27.25,26,27.3,25.2
03/07/2018,25.8,27.7,27.85,25.8
02/07/2018,27.5,28,28.4,26.6
29/06/2018,28.5,28.6,29.2,28.2
28/06/2018,28.5,29.3,29.8,28.5
27/06/2018,29.7,31.4,31.7,29.7
26/06/2018,31.4,31,31.6,30.95
25/06/2018,31.65,32.2,32.2,31.6
22/06/2018,31.6,30.3,31.7,30.1
21/06/2018,30.9,31.05,31.3,30.5
20/06/2018,31.5,31.05,31.9,30.4
19/06/2018,31,30.1,31,29.1
18/06/2018,31.25,33,33.5,31.2
15/06/2018,33.5,32.5,33.5,32.1
13/06/2018,33.95,33.7,34,33.4
12/06/2018,33.6,33.7,34.1,32.5
11/06/2018,34.05,33.45,34.9,33.4
08/06/2018,34,33.2,34,33
07/06/2018,33.35,34,34.05,33.3
06/06/2018,33.9,33.1,34,32.8
05/06/2018,33.5,33.2,33.55,32.65
04/06/2018,33.4,32.3,33.7,31.6
01/06/2018,32.35,32,32.9,31.8
31/05/2018,32,29.9,32,29.6
30/05/2018,29.95,29.2,30.5,29.2
29/05/2018,29.4,28.5,29.4,27.8
28/05/2018,27.5,29.5,29.5,27.45
25/05/2018,29.5,30.45,31.15,29.5
24/05/2018,30.45,31,31.45,30.35
23/05/2018,31.2,30,31.2,29.8
22/05/2018,30.05,31,32.2,29.8
21/05/2018,32,33.3,33.5,32
18/05/2018,33,34,34.15,32
16/05/2018,34.5,35.1,35.5,34.2
15/05/2018,35.5,35.3,35.95,35.1
14/05/2018,35,35,35.4,34.4
11/05/2018,34.6,34,34.6,33.3
10/05/2018,34.3,35.5,35.75,34
09/05/2018,35.8,35.7,36.2,35.4
08/05/2018,35.8,36,36.8,35.8
07/05/2018,36.4,34.9,36.55,34
04/05/2018,34.25,35.5,35.6,34.1
03/05/2018,35,34.3,35.4,32.7
02/05/2018,34.8,34.8,36.45,34.7
27/04/2018,36,34.3,36.7,34.3
26/04/2018,34.8,37.4,37.45,34.8
24/04/2018,37.4,39,39.2,37.4
23/04/2018,39.1,39.1,42.1,39.1
20/04/2018,42,40.6,42,40.05
19/04/2018,40.6,41,41.6,40.45
18/04/2018,41.5,42.2,42.5,41.5
17/04/2018,42,41.5,42,40.9
13/04/2018,41.3,42.5,42.5,41.1
12/04/2018,42,41.5,42.45,40.8
11/04/2018,41.8,43.6,43.7,41.7
10/04/2018,43.5,44.1,44.4,43.05
09/04/2018,44.3,42,44.3,41.9
06/04/2018,41.9,42,42.65,41.75
05/04/2018,41.9,42.2,42.35,41.6
04/04/2018,41.9,43,43.2,41.9
03/04/2018,42.2,40.8,42.55,40.5
02/04/2018,40.8,39.5,40.85,39.3
30/03/2018,39,39.15,39.2,38.2
29/03/2018,39,39.55,39.75,38.85
28/03/2018,39.5,39.55,40,39.3
27/03/2018,40,40.9,41.1,39.8
26/03/2018,40.2,39.3,40.3,39.2
23/03/2018,39.6,39.1,39.6,38.1
22/03/2018,40.3,41.3,41.35,40.25
21/03/2018,40.95,41.35,41.4,40.6
20/03/2018,41.05,40.4,41.7,40.4
16/03/2018,41,41,41.15,39.4
15/03/2018,39.25,38.9,39.35,38.8
14/03/2018,39.2,39.85,39.95,39.2
13/03/2018,39.5,38.6,39.5,38.3
12/03/2018,38.4,38.4,39.45,38.3
09/03/2018,38.8,38.9,39.45,38.45
08/03/2018,38.15,38.1,38.2,37.5
07/03/2018,38.2,38,38.9,37.3
06/03/2018,37.8,36.25,37.8,35.8
05/03/2018,35.35,38.4,38.95,35.35
02/03/2018,38,37.3,38.25,36.9
01/03/2018,37.8,36.9,38.45,36.8
28/02/2018,36.9,35,36.9,34.75
27/02/2018,35.3,35.3,35.45,34.85
26/02/2018,35.05,36,36.2,35.05
23/02/2018,35.2,34.7,35.3,34.45
22/02/2018,34.4,34.6,35.15,34.05
21/02/2018,35.1,34.5,35.6,34.35
13/02/2018,34.15,33.8,34.5,33.8
09/02/2018,31.6,29.9,31.6,29.9
08/02/2018,31.6,32.2,33,31.6
07/02/2018,33,33.2,33.35,32.6
06/02/2018,31.2,31.2,32.3,30.4
05/02/2018,32.65,34,34.7,32.65
02/02/2018,35.1,34.8,35.35,34.5
01/02/2018,34.55,35,35.5,34.1
31/01/2018,34.1,36.5,36.95,34.1
30/01/2018,36.5,35.6,36.65,35.5
29/01/2018,36.6,35.3,37.1,35.2
26/01/2018,35.3,35.7,36.3,34.5
25/01/2018,35.4,34,36.3,34
22/01/2018,34.2,33,34.3,32.8
19/01/2018,32.5,31.7,32.75,31.5
18/01/2018,31.5,30.1,31.5,29.7
17/01/2018,30.5,31.8,31.95,30.5
16/01/2018,31.85,31.6,32.1,31.25
15/01/2018,31.95,31.4,32.2,30.8
12/01/2018,31.3,30.5,31.75,30.3
10/01/2018,30.35,30.15,30.8,29.9
09/01/2018,29.8,30,30.2,29.35
08/01/2018,29.5,28.9,29.5,28.6
05/01/2018,28.9,30.2,30.3,28.9
04/01/2018,30.1,30.3,30.5,30
03/01/2018,30.2,29.3,30.2,29.2
02/01/2018,29.1,28.9,29.3,28.9
29/12/2017,28.8,29.05,29.35,28.7
28/12/2017,28.65,27.95,28.75,27.85
27/12/2017,27.7,28.05,28.25,27.7
26/12/2017,28,28,28.2,27.9
25/12/2017,27.85,27.6,28.1,27.6
22/12/2017,27.55,27.4,27.85,27.25
21/12/2017,27.6,28,28.25,27.6
20/12/2017,28,28,28.45,27.8
19/12/2017,27.85,27.7,28.15,27.6
18/12/2017,27.5,27.6,27.75,27.3
15/12/2017,27.1,26.9,27.4,26.45
14/12/2017,26.65,26.15,26.7,26.15
12/12/2017,26.45,26,26.45,24.85
11/12/2017,25.8,26.9,27.1,25.8
08/12/2017,27.2,27.2,27.6,26.85
07/12/2017,27.1,27.95,28,26.9
06/12/2017,27.95,28.1,28.2,26.95
05/12/2017,28.2,29,29.1,28
04/12/2017,29.1,27.8,29.3,27.65
01/12/2017,27.55,26.95,27.9,26.85
30/11/2017,26.9,26.8,27.3,26.65
29/11/2017,26.6,27,27.5,26.6
28/11/2017,26,26.2,26.2,25.7
27/11/2017,26,25.7,26.25,25.6
24/11/2017,25.5,25.5,25.6,25.2
23/11/2017,25.5,25.65,25.85,25.3
22/11/2017,25.45,25.2,25.6,25.1
21/11/2017,25.1,24.65,25.5,24.65
20/11/2017,24.6,24.4,24.8,24.35
17/11/2017,24.5,24.7,24.8,24.25
16/11/2017,24.6,24.1,24.6,24
14/11/2017,24.3,24.2,24.5,23.75
13/11/2017,24.05,23.3,24.05,23.15
10/11/2017,23.3,23.25,23.45,23.15
09/11/2017,23.35,23.1,23.45,23.1
08/11/2017,23.05,23,23.1,22.9
07/11/2017,23,23.2,23.2,22.9
06/11/2017,23.1,22.8,23.1,22.8
03/11/2017,22.8,22.5,22.8,22.5
02/11/2017,22.55,22.5,23,22.4
01/11/2017,22.2,22.6,22.7,21.9
31/10/2017,22.6,22.8,23,22.6
30/10/2017,22.85,23.3,23.4,22.85
27/10/2017,23.2,23,23.2,22.9
26/10/2017,23.2,23.4,23.5,22.8
25/10/2017,23.4,23.6,23.6,23.35
24/10/2017,23.35,23.65,23.75,23.35
23/10/2017,23.6,23.6,24.2,23.6
20/10/2017,24.3,24.5,24.75,24.3
19/10/2017,24.5,24.9,25,24.5
17/10/2017,24.8,24.4,24.8,24.35
16/10/2017,24.4,24.35,24.45,24.3
13/10/2017,24.35,24.3,24.4,24.2
12/10/2017,24.35,24.7,24.8,24.35
11/10/2017,24.7,24.8,24.85,24.6
10/10/2017,24.55,24.7,24.7,24.45
09/10/2017,24.75,25,25.05,24.75
06/10/2017,25.55,25.6,25.8,25.5
05/10/2017,25.55,25.2,25.65,25.1
04/10/2017,25.1,24.9,25.1,24.8
03/10/2017,24.9,25.05,25.05,24.7
02/10/2017,25,25.05,25.25,24.95
29/09/2017,25.05,25,25.2,25
28/09/2017,25,25.4,25.55,25
27/09/2017,25.4,25.4,25.55,25.35
26/09/2017,25.4,25.55,25.55,25.35
25/09/2017,25.4,25.6,25.8,25.4
22/09/2017,25.5,25.5,25.7,25.4
21/09/2017,25.35,25.5,25.65,25.35
19/09/2017,25.8,25.9,25.95,25.7
18/09/2017,25.8,25.65,26.05,25.5
15/09/2017,25.6,25.45,25.6,25.3
14/09/2017,25.45,25.2,25.7,25.15
13/09/2017,25.05,24.8,25.05,24.75
12/09/2017,24.7,24.7,24.8,24.6
11/09/2017,24.7,24.85,25.05,24.65
08/09/2017,24.95,25.1,25.2,24.95
07/09/2017,25.05,25,25.35,24.95
06/09/2017,25,25.1,25.15,24.9
05/09/2017,25.1,25.1,25.3,24.85
01/09/2017,25.2,25.05,25.3,25.05
31/08/2017,25.05,24.8,25.15,24.75
30/08/2017,24.85,24.9,25,24.8
29/08/2017,24.9,25.2,25.25,24.9
28/08/2017,25.15,24.7,25.2,24.5
25/08/2017,24.65,24.55,24.7,24.35
24/08/2017,24.35,24.2,24.6,24.2
23/08/2017,24.3,24.1,24.3,23.85
21/08/2017,24.45,24.85,24.9,24.45
18/08/2017,24.85,24.5,25.05,24.4
17/08/2017,24.6,25.25,25.25,24.6
16/08/2017,25.15,25.05,25.25,25.05
15/08/2017,25.15,25.5,25.5,25.05
14/08/2017,25.3,25.05,25.4,25.05
11/08/2017,25.05,25.25,25.4,25
10/08/2017,25.2,25,25.4,25
09/08/2017,25.25,25.9,25.9,25.1
08/08/2017,26,26.4,26.4,25.9
07/08/2017,26.35,26.65,26.8,26.35
04/08/2017,26.4,26.2,26.4,26.05
03/08/2017,25.95,25.8,26.2,25.8
02/08/2017,25.75,25.9,26.15,25.6
01/08/2017,26,26.45,26.7,26
31/07/2017,26.3,25.9,26.35,25.85
28/07/2017,25.85,25.5,26,25.45
27/07/2017,25.55,25.6,25.75,25.45
26/07/2017,25.6,25.35,25.65,25.2
24/07/2017,24.75,25,25.2,24.75
21/07/2017,25.4,25.7,25.7,24.95
20/07/2017,25.3,25.1,25.35,24.8
19/07/2017,25.2,25.55,25.65,25.1
18/07/2017,25.25,25.6,25.7,25.1
17/07/2017,25.7,26.9,26.9,25.55
14/07/2017,26.8,26.75,27.25,26.7
13/07/2017,26.65,26.55,26.7,26.5
12/07/2017,26.6,27,27.15,26.55
11/07/2017,26.8,26.65,26.85,26.2
10/07/2017,26.65,27.5,27.6,26.65
07/07/2017,27.5,28.55,28.55,27.1
06/07/2017,28.6,28.7,29,28.6
05/07/2017,28.3,28.25,28.35,28.1
04/07/2017,28.25,28.05,28.25,27.95
03/07/2017,27.95,28,28.25,27.8
30/06/2017,27.65,27.55,27.65,27.4
29/06/2017,27.5,27.5,27.75,27.35
28/06/2017,27.4,26.95,27.4,26.85
26/06/2017,27.45,27.3,27.6,27.3
23/06/2017,27.3,27.5,27.5,26.9
22/06/2017,27.35,27.65,27.65,27.2
21/06/2017,27.4,27.4,27.6,27.1
20/06/2017,27.55,28.1,28.15,27.5
19/06/2017,27.7,26.9,27.8,26.8
16/06/2017,26.6,26.4,26.8,26.35
15/06/2017,26.4,26.5,26.65,26.35
14/06/2017,26.5,26.9,26.9,26.4
13/06/2017,26.6,26.3,26.75,26.25
12/06/2017,26.3,26.4,26.6,26.15
09/06/2017,26.25,26.2,26.6,26.1
08/06/2017,26.05,26,26.4,25.75
07/06/2017,25.85,25.8,26.25,25.75
06/06/2017,25.6,25.45,25.7,25.25
05/06/2017,25.3,25.9,26,25.3
02/06/2017,25.8,24.95,26,24.75
01/06/2017,24.9,24.95,25.1,24.8
31/05/2017,24.8,24.75,25.2,24.55
29/05/2017,25.8,26.3,26.6,25.8
26/05/2017,26,26.3,26.5,25.9
25/05/2017,26.25,26.8,27,26.25
24/05/2017,26.2,25.6,26.9,25.3
23/05/2017,25.4,25.55,26.25,25.4
22/05/2017,25.75,26.4,26.65,25.75
19/05/2017,26,24.7,26,24.45
18/05/2017,24.5,23.95,25.1,23.9
17/05/2017,24.1,23.6,24.15,23.6
16/05/2017,23.7,24.4,24.75,23.7
15/05/2017,24,23.5,24.3,23.5
12/05/2017,23.5,24,24.1,23.4
11/05/2017,23.7,23.7,24.25,23.6
10/05/2017,23.55,24.3,24.5,23.55
09/05/2017,23.8,23.2,23.95,23.05
08/05/2017,23,22.6,23,22.35
05/05/2017,22.5,22.6,22.65,22.4
04/05/2017,22.6,22.35,22.9,22.3
03/05/2017,22.15,22,22.3,21.9
27/04/2017,22.25,22.4,22.6,22.25
26/04/2017,22.4,22.25,22.5,22.15
25/04/2017,22.15,22,22.3,21.9
24/04/2017,22,22.35,22.4,22
21/04/2017,22.35,22.75,22.85,22.35
20/04/2017,22.35,22.35,22.5,22.2
19/04/2017,22.25,22.55,22.55,22.25
18/04/2017,22.55,21.9,22.6,21.8
17/04/2017,21.85,22.25,22.55,21.85
14/04/2017,22.2,22.3,22.5,21.9
13/04/2017,22.5,22.9,23.1,22.5
12/04/2017,22.95,23.5,23.6,22.95
11/04/2017,23.6,23.9,24.05,23.6
10/04/2017,23.9,23.2,23.95,22.9
07/04/2017,23.2,23,23.4,22.75
05/04/2017,23,23.8,24.2,23
04/04/2017,23.8,24.2,24.45,23.7
03/04/2017,24.2,23.8,24.35,23.75
31/03/2017,23.85,23.9,24.15,23.7
29/03/2017,23.55,23.45,23.55,23.2
28/03/2017,23.45,23.5,23.7,23.25
27/03/2017,23.45,23.2,23.75,23.15
24/03/2017,23.05,23,23.3,22.85
23/03/2017,22.75,22.7,22.9,22.5
22/03/2017,22.55,22.9,23.35,22.55
21/03/2017,23,22.9,23.15,22.75
20/03/2017,23,23.2,23.4,22.9
17/03/2017,22.75,22.65,23.15,22.4
16/03/2017,22.3,21.25,22.3,21.25
15/03/2017,21.3,21.3,21.45,21.2
14/03/2017,21.4,21.45,21.6,21.4
13/03/2017,21.4,21.4,21.45,21.15
10/03/2017,21.35,21.35,21.8,21.35
09/03/2017,21.5,21.05,21.65,20.95
08/03/2017,21,21,21.4,20.8
07/03/2017,21,20.9,21,20.8
06/03/2017,21,20.8,21.2,20.8
03/03/2017,20.8,21,21.05,20.65
01/03/2017,21.2,21.2,21.25,20.85
28/02/2017,21.2,21.45,21.75,21.2
27/02/2017,21.3,21.3,21.5,21.05
24/02/2017,21.3,21.6,21.6,21.25
23/02/2017,21.6,21.55,21.8,21.3
22/02/2017,21.55,21,21.95,20.9
21/02/2017,21.05,21.15,21.2,20.95
20/02/2017,21.05,21.05,21.2,20.9
17/02/2017,21.05,20.9,21.05,20.8
16/02/2017,20.9,21.4,21.45,20.8
15/02/2017,21.2,21.05,21.25,20.95
14/02/2017,21.1,21.2,21.35,21.1
13/02/2017,21.2,20.9,21.25,20.9
10/02/2017,20.8,20.8,20.9,20.75
09/02/2017,20.8,21,21,20.75
08/02/2017,20.9,20.95,21,20.65
07/02/2017,20.9,20.65,20.95,20.55
06/02/2017,20.55,20.55,20.7,20.45
03/02/2017,20.5,20.7,20.7,20.45
25/01/2017,20.2,20.2,20.25,20.1
24/01/2017,20.05,20,20.2,19.95
23/01/2017,20,20.15,20.15,19.95
20/01/2017,20.15,20.2,20.3,20.15
19/01/2017,20.15,20.2,20.4,20.15
18/01/2017,20.4,20.6,20.7,20.4
17/01/2017,20.6,20.45,20.6,20.3
16/01/2017,20.4,20.4,20.7,20.4
13/01/2017,20.5,20.4,20.7,20.35
12/01/2017,20.45,20.35,20.5,20.3
11/01/2017,20.3,20.3,20.4,20.2
10/01/2017,20.35,20.5,20.5,20.25
09/01/2017,20.5,20.3,20.6,20.3
06/01/2017,20.3,20.1,20.75,20.1
05/01/2017,20.1,20.1,20.2,20
04/01/2017,20.05,20.05,20.25,19.9
03/01/2017,20.05,19.6,20.15,19.55
30/12/2016,19.6,19.6,19.7,19.55
29/12/2016,19.7,19.75,19.9,19.7
27/12/2016,19.45,19.65,19.65,19.4
26/12/2016,19.6,19.5,19.65,19.4
23/12/2016,19.4,19.35,19.5,19.25
22/12/2016,19.4,19.65,19.65,19.4
21/12/2016,19.55,19.7,19.7,19.5
20/12/2016,19.6,19.65,19.8,19.6
19/12/2016,19.85,19.4,19.95,19.2
16/12/2016,19.2,18.9,19.3,18.9
15/12/2016,19,19,19.15,18.85
14/12/2016,19,18.85,19,18.7
13/12/2016,18.85,18.5,18.85,18.5
12/12/2016,18.5,18.6,18.65,18.5
09/12/2016,18.75,18.7,18.85,18.65
08/12/2016,18.7,18.6,18.9,18.6
07/12/2016,18.6,18.55,19.1,18.55
06/12/2016,18.6,19.2,19.2,18.6
05/12/2016,19.2,19.65,19.65,19.2
02/12/2016,19.7,19.85,19.9,19.6
01/12/2016,19.85,20.2,20.2,19.85
29/11/2016,19.6,20,20,19.55
28/11/2016,20,20.1,20.15,19.2
25/11/2016,20.1,20.15,20.15,20
24/11/2016,20.15,20.2,20.25,20.15
23/11/2016,20.25,20.4,20.4,20.2
22/11/2016,20.3,20.15,20.45,20.1
21/11/2016,20.05,20,20.15,19.95
18/11/2016,20,20.15,20.2,19.95
17/11/2016,20.15,20.3,20.35,20.1
16/11/2016,20.3,20.4,20.4,20.25
15/11/2016,20.35,20.25,20.35,20.1
14/11/2016,20.1,20.35,20.4,20.05
11/11/2016,20.5,20.5,20.65,20.5
10/11/2016,20.65,20.6,20.7,20.5
09/11/2016,20.35,20.55,20.75,19.5
08/11/2016,20.65,20.7,20.9,20.6
07/11/2016,20.65,20.3,20.7,20.25
04/11/2016,20.2,20.45,20.55,20.2
03/11/2016,20.45,20.8,20.8,20.3
01/11/2016,20.85,21,21.1,20.85
31/10/2016,21.05,21.05,21.2,20.9
28/10/2016,20.8,20.8,20.9,20.8
27/10/2016,20.8,20.85,20.95,20.75
26/10/2016,20.8,21.05,21.2,20.75
25/10/2016,21.15,21.1,21.4,20.95
24/10/2016,21.1,21.55,21.55,21.1
21/10/2016,21.55,21.8,21.95,21.3
20/10/2016,21.25,21.3,21.45,21.2
19/10/2016,21.25,21.1,21.35,21.1
18/10/2016,21.1,21.2,21.2,20.95
17/10/2016,21.2,21.3,21.3,21.1
14/10/2016,21.25,21.25,21.5,21.25
13/10/2016,21.3,21.05,21.3,20.9
12/10/2016,21.15,21.4,21.45,21.15
11/10/2016,21.35,21.6,21.6,21.1
10/10/2016,22.3,22.1,22.6,22.1
07/10/2016,22.3,22.5,22.5,22
06/10/2016,22.4,22.75,22.75,22.35
04/10/2016,22.6,22.4,22.75,22.4
03/10/2016,22.4,22.4,22.7,22.35
30/09/2016,22.3,22.3,22.4,22.2
29/09/2016,22.3,22.5,22.55,22.3
28/09/2016,22.4,22.1,22.4,22.05
27/09/2016,21.95,21.8,21.95,21.75
26/09/2016,21.8,21.6,21.9,21.5
23/09/2016,21.6,21.85,22.1,21.6
22/09/2016,21.85,22,22.2,21.7
21/09/2016,21.85,21.7,21.9,21.6
20/09/2016,21.55,21.45,21.7,21.2
19/09/2016,21.45,21,21.5,21
16/09/2016,20.8,20.8,21,20.7
15/09/2016,20.8,21,21.05,20.8
14/09/2016,21,21,21.1,21
13/09/2016,21.1,21.2,21.45,21.05
12/09/2016,21.3,21.6,21.7,21.25
09/09/2016,21.6,21.4,21.8,21.3
08/09/2016,21.3,21.2,21.5,21.2
10/09/2024,32.4,33.1,33.35,32
09/09/2024,32.9,33.2,33.35,32.85
06/09/2024,33.4,33.1,33.4,32.8
05/09/2024,33.1,33.5,33.75,32.9
04/09/2024,33.15,33.15,33.45,33
30/08/2024,33.7,33.85,34,33.65
29/08/2024,33.95,34.1,34.2,33.75
28/08/2024,34.05,33.5,34.25,33.15
27/08/2024,33.4,33.55,33.9,33.4
26/08/2024,33.95,33.9,34.3,33.6
23/08/2024,33.6,33.2,33.9,32.75
22/08/2024,33.1,33.05,33.25,32.7
21/08/2024,33.05,32.65,33.05,32.45
20/08/2024,32.65,32.4,32.95,32.3
19/08/2024,32.4,33,33,32.4
16/08/2024,32.7,31.25,32.7,31.15
15/08/2024,30.9,31.4,31.55,30.8
14/08/2024,31.4,31.8,31.85,31.3
13/08/2024,31.7,31.95,31.95,31.25
08/08/2024,30,30.3,30.7,29.9
07/08/2024,30.6,30.9,30.9,30.25
06/08/2024,30.6,30.3,31,29.65
05/08/2024,29.6,30.65,30.8,29.6
02/08/2024,31.25,29.85,31.35,29.75
01/08/2024,30.3,32.1,32.1,30
31/07/2024,31.8,32.2,32.3,31.7
30/07/2024,31.95,32.2,32.4,31.9
29/07/2024,32.2,32.35,32.55,32.2
26/07/2024,32.1,32.1,32.3,31.9
25/07/2024,31.9,32.3,32.65,31.8
24/07/2024,32.9,33.65,33.9,31.95
23/07/2024,33.85,34.65,34.75,33.85
22/07/2024,34.65,34.75,35.05,34.15
19/07/2024,34.8,34.7,35.2,34.5
18/07/2024,34.35,34.35,34.4,33.8
17/07/2024,34.15,34.6,34.95,33.95
16/07/2024,34.4,34.5,35,34.35
15/07/2024,34.3,34.7,34.7,34.3
11/07/2024,34.8,34.6,35.15,34.45
10/07/2024,34.35,34.7,34.75,34.35
09/07/2024,34.65,34.6,34.9,34.3
08/07/2024,34.55,34.8,35.05,34.4
05/07/2024,34.65,34.4,34.65,34.15
04/07/2024,34.4,34.45,34.8,34.3
03/07/2024,34.45,34.35,34.6,34.35
02/07/2024,34.35,34.05,34.35,33.9
01/07/2024,33.9,34.05,34.1,33.45
28/06/2024,33.95,34.3,34.45,33.75
27/06/2024,34.3,34.3,34.55,34.1
26/06/2024,34.4,34.55,34.65,33.6
25/06/2024,34.55,34.6,34.85,34.4
24/06/2024,34.6,35.45,35.5,34.2
21/06/2024,35.5,35.8,36,35.5
20/06/2024,35.9,36.2,36.3,35.4
19/06/2024,36.2,36.2,36.3,35.8
18/06/2024,36.1,36.1,36.3,35.85
17/06/2024,35.9,36,36.25,35.75
13/06/2024,36.5,36.8,36.9,36.35
12/06/2024,36.6,35.85,36.6,35.8
11/06/2024,35.8,35.5,35.8,35.25
10/06/2024,35.35,35.5,35.8,35.35
07/06/2024,35.45,35.65,35.65,35.3
06/06/2024,35.4,35.6,35.65,35.2
05/06/2024,35.4,35.45,35.8,35.4
04/06/2024,35.4,35.4,35.9,35.35
03/06/2024,35.4,35,35.6,35
31/05/2024,34.7,34.85,35,34.6
30/05/2024,34.85,35,35.05,34.3
29/05/2024,35.2,35.75,35.9,35.1
28/05/2024,35.6,35.3,35.6,35.15
27/05/2024,35.1,35.25,35.5,34.8
24/05/2024,35.25,36.3,36.45,34.8
23/05/2024,36.7,36.4,36.7,35.85
22/05/2024,36.45,36.8,37.35,36.4
21/05/2024,36.8,36.55,36.8,36.3
20/05/2024,36.65,36.6,37.1,36.5
16/05/2024,36.1,36.35,36.4,36.05
15/05/2024,35.95,35.7,36.3,35.5
14/05/2024,35.5,35.65,35.9,35.35
13/05/2024,35.6,35.65,35.9,35.25
10/05/2024,35.45,35.3,35.5,35
09/05/2024,35.2,35.85,35.9,35.05
08/05/2024,35.65,35.2,35.9,35.1
07/05/2024,35.55,35.8,36,35.4
06/05/2024,35.65,35,36.05,34.95
03/05/2024,34.65,35.1,35.3,34.6
02/05/2024,34.7,35.2,35.3,34.3
26/04/2024,35.2,34.85,35.35,34.7
25/04/2024,35.35,35.65,35.65,35.1
24/04/2024,35.65,35,35.95,34.9
23/04/2024,34.5,35.1,35.3,34.3
22/04/2024,35.1,34.2,35.5,33.95
19/04/2024,33.2,33.95,34.8,33.05
17/04/2024,34.4,35.45,35.5,34.4
16/04/2024,35.2,35.1,35.3,34.1
12/04/2024,37.55,37.35,37.8,37.05
11/04/2024,37.15,36.55,37.4,36.55
10/04/2024,36.95,37.6,37.6,36.95
09/04/2024,37.5,36.9,37.5,36.7
08/04/2024,36.7,36.8,37,36.65
05/04/2024,36.8,37.15,37.3,36.8
04/04/2024,37.65,38.05,38.2,37.65
03/04/2024,38.05,38.8,39.2,38
02/04/2024,38.9,38.3,39,38
01/04/2024,38.8,38.5,39.2,37.85
29/03/2024,38.5,39.05,39.1,38.5
28/03/2024,39.15,39,39.25,38.8
27/03/2024,38.5,38.3,38.5,37.9
26/03/2024,38,37.4,38.2,37.15
25/03/2024,37.5,37.85,38.3,37.3
22/03/2024,37.8,37.8,38.45,37.6
21/03/2024,37.65,37.95,38,37.5
20/03/2024,37.2,36.4,37.2,36.25
19/03/2024,36.15,36.7,37,36.15
15/03/2024,37.8,37.8,37.9,37.1
14/03/2024,37.85,38.05,39,37.8
13/03/2024,37.95,36.4,38.1,36.3
12/03/2024,36.3,36.35,36.6,36.05
11/03/2024,36.35,36.8,37.15,36.2
08/03/2024,36.8,37.9,38.1,36.8
07/03/2024,37.7,37,37.95,36.85
06/03/2024,36.85,37.4,37.8,36.7
05/03/2024,37.4,37.15,37.45,36.65
04/03/2024,37.15,37.8,37.85,37
01/03/2024,37.35,37.4,37.7,37
29/02/2024,37,36.4,37.7,36.3
28/02/2024,36.1,36.1,36.25,35.65
27/02/2024,35.9,35.25,36.45,35.1
26/02/2024,35.1,34.1,35.35,34.05
23/02/2024,34.15,34.6,34.9,34.05
22/02/2024,34.65,34.85,34.95,34.55
21/02/2024,34.95,35.3,35.3,34.7
20/02/2024,35.3,35.65,35.8,35.25
16/02/2024,35,35.35,35.4,34.9
15/02/2024,35.1,35.2,35.5,35
07/02/2024,35.1,35,35.35,34.9
06/02/2024,35,35.15,35.45,34.9
05/02/2024,34.95,34.8,35.15,34.5
02/02/2024,34.8,34.9,35.45,34.8
01/02/2024,34.65,34.45,34.85,34.4
31/01/2024,34.4,34.3,35.15,34.2
30/01/2024,34.15,33.85,34.15,33.8
29/01/2024,33.95,34.2,34.4,33.85
26/01/2024,34.1,34.15,34.35,33.95
25/01/2024,33.95,34.05,34.2,33.85
24/01/2024,34,33.75,34.4,33.7
23/01/2024,33.8,34,34.1,33.65
22/01/2024,33.95,33.9,34,33.4
19/01/2024,33.7,34,34.1,33.4
18/01/2024,33.8,33.8,34.05,33.65
17/01/2024,33.65,33.5,34.5,33.45
16/01/2024,33.5,33,33.5,32.75
12/01/2024,33.85,33.6,34,33.35
11/01/2024,33.9,33.75,34.4,33.6
10/01/2024,33.7,33.95,34.05,33.35
09/01/2024,34,34.2,34.35,33.9
08/01/2024,34.1,34.45,34.5,34
05/01/2024,34.15,33.8,34.15,33.6
04/01/2024,33.6,33,34.2,33
03/01/2024,32.95,32.35,32.95,32.3
02/01/2024,32.5,33,33.2,32.5
29/12/2023,32.8,32.95,33.1,32.75
28/12/2023,33,32.85,33.15,32.65
27/12/2023,32.8,32.95,33.15,32.8
26/12/2023,32.75,32.6,32.9,32.5
25/12/2023,32.55,32.35,32.75,32.1
22/12/2023,32.35,32.35,32.95,32.2
21/12/2023,32.2,32.05,32.3,32
20/12/2023,32.3,32.15,32.6,31.95
19/12/2023,32.15,31.75,32.15,31.35
18/12/2023,31.7,31.85,32.15,31.65
14/12/2023,32,32.5,32.5,31.9
13/12/2023,32,32.9,32.95,32
12/12/2023,32.6,32.8,33,32.5
11/12/2023,32.7,32.6,33.05,32.1
08/12/2023,32.6,32.7,33,32.3
07/12/2023,32.85,33.6,33.7,32.05
06/12/2023,33.6,33.35,33.85,33.25
05/12/2023,33.3,33.65,33.7,33.15
04/12/2023,33.6,32.9,34,32.55
01/12/2023,32,31.7,32.25,31.25
30/11/2023,31.3,31.6,32.15,31.3
29/11/2023,31.6,31.5,31.95,31.3
28/11/2023,31.4,31,31.5,30.2
27/11/2023,31,31.95,32,31
24/11/2023,32,31.25,32,30.7
23/11/2023,30.9,33.2,33.2,30.9
22/11/2023,32.9,32.5,32.95,32.3
21/11/2023,32.55,32.8,32.8,32.3
20/11/2023,32.4,30.7,32.7,30.65
16/11/2023,32.3,31.9,32.3,31.35
15/11/2023,31.95,32.8,32.8,31.9
14/11/2023,31.75,31.95,32.2,31.35
13/11/2023,31.45,31,31.6,30.8
10/11/2023,30.8,30.6,31.9,30.55
09/11/2023,30.85,30.65,31.6,30.55
08/11/2023,30.3,28.35,30.3,28.3
07/11/2023,28.35,28.9,29.3,28.3
06/11/2023,29,29.15,29.3,28.8
03/11/2023,28.9,29,29.05,28.3
02/11/2023,28.9,27.6,29,27.5
01/11/2023,27.15,25.75,27.15,25.75
31/10/2023,25.75,27.55,27.9,25.65
30/10/2023,27.5,29,29.35,27.5
27/10/2023,29.45,29.25,29.8,28.75
26/10/2023,28.7,29.7,29.95,28.65
25/10/2023,30.8,31,31.55,30.8
24/10/2023,31.05,31,31.15,30.45
23/10/2023,30.6,30.6,31.35,30.4
19/10/2023,30.1,31.55,31.75,29.8
18/10/2023,31.55,31.8,32.15,29.8
17/10/2023,31.45,32.4,32.9,31.45
16/10/2023,32.1,33.55,33.6,31.9
13/10/2023,33.55,33.3,34.1,33
12/10/2023,33.6,34.1,34.1,33.4
11/10/2023,34,32.8,34,32.55
10/10/2023,32.7,33.6,33.9,32.7
09/10/2023,33.2,32.9,33.5,32.4
06/10/2023,32.95,31.65,32.95,31.2
05/10/2023,31.65,31.9,32.4,31.5
04/10/2023,31.75,29.8,32.3,29.65
03/10/2023,30.2,31.6,31.65,30.1
02/10/2023,32.1,31.8,32.65,31.7
29/09/2023,31.8,32.9,32.9,31.8
28/09/2023,32.3,32.8,32.9,31.7
27/09/2023,33,31.7,33,30.9
26/09/2023,30.9,31,32.45,30.3
25/09/2023,30.35,32.2,33.1,30.35
21/09/2023,34.75,36.4,36.45,34.75
20/09/2023,36.45,36.4,37,36.1
19/09/2023,36.2,35.8,36.2,35.2
18/09/2023,35.7,35,35.95,34.9
15/09/2023,35.5,35.9,36.05,35
14/09/2023,35.65,35.8,36.25,34.9
13/09/2023,35.8,36.2,36.6,35.5
12/09/2023,35.8,33.65,35.8,33.5
11/09/2023,33.5,34,34.35,33.4
08/09/2023,33.75,33.5,34.1,33.4
07/09/2023,33.65,34.1,34.15,33.3
06/09/2023,34,33.35,34.5,32.95
05/09/2023,33.35,33.6,33.7,32.8
31/08/2023,33.4,33.5,33.75,33.3
30/08/2023,33.5,32.4,33.9,32.1
29/08/2023,32.35,32.5,32.8,31.7
28/08/2023,32.45,32.3,32.7,32.1
25/08/2023,32.2,31.7,32.5,31.65
24/08/2023,32,30.3,32.1,30.15
22/08/2023,30.7,29,30.7,27.85
21/08/2023,28.85,29,29.15,28.5
18/08/2023,28.3,29.7,30.4,28
17/08/2023,29.95,29.05,30.6,29.05
16/08/2023,28.85,28.65,29.15,28.45
15/08/2023,28.7,29.2,29.2,28.65
14/08/2023,29.15,28.45,29.4,28.1
11/08/2023,28.15,28.25,28.3,27.65
10/08/2023,28.1,28.6,28.85,28.1
09/08/2023,28.6,28.9,29.2,28.55
08/08/2023,29.1,29.85,29.85,29
07/08/2023,29.7,29.6,29.95,29.4
04/08/2023,29.2,28.5,29.4,28.5
03/08/2023,28.5,28.95,29.05,28.3
02/08/2023,29,28.7,29.15,28.6
01/08/2023,28.8,29.7,29.7,28.8
31/07/2023,29.65,29.95,30.2,29.35
28/07/2023,29.75,29.45,29.9,29.35
27/07/2023,29.45,29,29.7,28.9
25/07/2023,28.8,28.7,29.1,28.5
24/07/2023,28.7,29.1,29.2,28.4
21/07/2023,28.75,28,28.8,27.85
20/07/2023,28,28.5,28.5,27.6
19/07/2023,28.5,28.6,28.9,28.45
18/07/2023,28.55,28.8,28.8,28.45
17/07/2023,28.8,28.55,29.2,28.55
14/07/2023,28.5,28.5,28.6,27.95
13/07/2023,28.4,28.25,28.5,28
12/07/2023,27.95,28.3,28.6,27.65
11/07/2023,28.05,27.4,28.45,27.4
10/07/2023,27.5,26.65,27.5,26.65
07/07/2023,26.45,26.1,26.45,25.65
06/07/2023,26.3,26.2,26.7,25.8
05/07/2023,26.2,26.7,26.7,26.2
04/07/2023,26.5,25.7,26.5,25.55
03/07/2023,25.7,26.05,26.1,25.65
30/06/2023,25.8,25.5,25.9,25.4
29/06/2023,25.45,26.65,26.65,25.45
27/06/2023,26.6,25.85,26.75,25.8
26/06/2023,25.8,26,26.05,25.25
23/06/2023,26,26.1,26.2,25.75
22/06/2023,26.1,26.1,26.5,25.8
21/06/2023,26,25.7,26.2,25.6
20/06/2023,25.7,25.8,25.95,24.95
19/06/2023,26.4,26.3,26.7,26.1
16/06/2023,26.1,26.05,27.2,26.05
15/06/2023,25.7,25.5,25.8,25.45
14/06/2023,25.4,25.5,26.2,25.35
13/06/2023,25.35,25.5,25.7,25.1
12/06/2023,25.35,25.25,25.4,24.7
09/06/2023,25.25,24.5,25.25,24.25
08/06/2023,24.3,25.3,25.4,24.3
07/06/2023,25.1,25.15,25.4,24.9
06/06/2023,25.15,24.1,25.3,23.9
05/06/2023,24.1,24.45,24.6,23.9
02/06/2023,24.1,23.8,24.35,23.7
01/06/2023,23.45,23.2,23.6,23.05
30/05/2023,23.35,23.5,23.6,23.1
29/05/2023,23.4,22.85,23.45,22.75
26/05/2023,22.55,22.55,22.7,22.5
25/05/2023,22.5,22.6,22.7,22.45
24/05/2023,22.7,23.15,23.2,22.7
23/05/2023,22.85,23,23.3,22.8
22/05/2023,22.9,23.1,23.2,22.85
19/05/2023,22.9,22.8,23.3,22.65
18/05/2023,22.8,22.6,23.15,22.45
17/05/2023,22.45,22.9,23,22.4
16/05/2023,22.9,22.9,23.15,22.85
15/05/2023,22.9,23.5,23.6,22.9
12/05/2023,23.25,22.35,23.25,22.3
11/05/2023,22.4,22.5,22.9,22.4
10/05/2023,22.5,22.25,22.7,22.25
09/05/2023,22.25,22.4,22.45,22.05
08/05/2023,22.3,21.65,22.3,21.6
05/05/2023,21.45,21.75,21.8,21.45
04/05/2023,21.75,21.35,21.9,21.3
27/04/2023,21.15,21.4,21.45,21.1
26/04/2023,21.35,21.1,21.35,20.7
25/04/2023,21.1,21.65,21.7,20.95
24/04/2023,21.5,21.7,21.9,21.45
21/04/2023,21.65,21.4,22.2,21.35
20/04/2023,21.1,21.2,21.4,21.05
19/04/2023,21.3,21.8,21.85,21.25
18/04/2023,21.75,21.45,21.75,21.15
17/04/2023,21.35,21.2,21.5,21.15
14/04/2023,21.2,21.9,22.05,21.2
13/04/2023,21.75,22.1,22.25,21.65
12/04/2023,22,22.6,22.7,21.95
11/04/2023,22.6,22.4,22.6,21.8
10/04/2023,22.4,22.75,23.2,22.25
07/04/2023,22.5,21.9,22.5,21.75
06/04/2023,21.85,22.65,23,21.85
05/04/2023,22.5,22.4,22.6,22.1
04/04/2023,22.5,22.1,22.7,21.8
03/04/2023,22,22,22.15,21.9
30/03/2023,20.95,21.5,21.7,20.95
29/03/2023,21.05,20.8,21.1,20.75
28/03/2023,20.8,21.2,21.3,20.75
27/03/2023,21,20.5,21.4,20.45
24/03/2023,20.45,20.45,20.65,20.4
23/03/2023,20.35,19.7,20.4,19.65
22/03/2023,19.85,20.15,20.3,19.85
21/03/2023,20,19.7,20,19.35
20/03/2023,19.5,20.2,20.25,19.5
17/03/2023,20.3,20.4,20.5,20.05
16/03/2023,20.15,20.2,20.65,20.15
15/03/2023,20.35,19.65,20.35,19.5
14/03/2023,19.05,19.65,19.7,19
13/03/2023,19.65,19.55,19.95,19.2
10/03/2023,19.8,19.55,19.85,19.45
09/03/2023,19.8,19.8,20.1,19.75
08/03/2023,19.8,19.1,19.8,19
07/03/2023,19.4,19,19.5,18.8
06/03/2023,18.75,18.85,19.2,18.75
02/03/2023,18.65,19,19.1,18.65
01/03/2023,18.95,18.3,19,18.15
28/02/2023,18.25,18.6,18.75,18.2
27/02/2023,18.25,18.8,18.9,18.25
24/02/2023,19,19.75,19.75,19
23/02/2023,19.7,19.3,19.7,18.8
22/02/2023,19.3,20.2,20.4,19.3
21/02/2023,20.45,20.8,20.95,20.45
20/02/2023,20.75,19.45,20.75,19.4
17/02/2023,19.45,19.45,19.65,19.2
16/02/2023,19.5,19.3,19.5,19.15
15/02/2023,19.1,18.9,19.35,18.8
14/02/2023,18.9,18.75,18.9,18.5
13/02/2023,18.5,18.95,19,18.15
10/02/2023,19,19.35,19.6,18.85
09/02/2023,19.35,19.45,19.75,19.3
08/02/2023,19.5,19.4,19.7,18.7
07/02/2023,19.05,20.1,20.35,19.05
06/02/2023,20,19.6,20,19.4
02/02/2023,20.15,20.3,20.4,19.9
01/02/2023,20.15,21.7,21.85,20.1
31/01/2023,21.6,21.15,21.65,20.85
30/01/2023,21,20.95,21.7,20.7
27/01/2023,20.95,21.5,21.6,20.85
19/01/2023,21.2,20.45,21.25,20.4
18/01/2023,20.55,20.5,21,20.3
17/01/2023,20.4,19.6,20.4,19.5
16/01/2023,19.4,19.3,19.5,19.1
13/01/2023,19.2,19.5,19.85,19.1
12/01/2023,19.3,19.35,19.5,19.1
11/01/2023,19.3,19.05,19.75,19.05
10/01/2023,18.9,19,19.25,18.45
09/01/2023,19,19.1,19.35,18.85
06/01/2023,18.9,19.3,19.6,18.9
05/01/2023,19.3,19.15,19.35,18.7
04/01/2023,19,19.2,19.5,18.95
03/01/2023,18.9,17.8,18.9,17.8
30/12/2022,17.7,17.75,18.1,17.6
28/12/2022,18.15,18.45,18.45,17.8
27/12/2022,18.2,17,18.2,17
26/12/2022,17.05,18.2,18.3,17.05
23/12/2022,18.3,19,19.1,18.25
22/12/2022,19.1,19.5,19.55,18.6
21/12/2022,19.3,20.2,20.2,18.45
20/12/2022,19.8,20.5,20.75,19.35
19/12/2022,20.5,20.5,21.85,20.35
16/12/2022,20.5,20,20.6,20
15/12/2022,20.25,20.1,20.35,19.95
14/12/2022,20.1,21,21,20.1
13/12/2022,20.4,19.15,20.4,18.85
12/12/2022,19.15,20.4,20.75,19.1
09/12/2022,20.25,20.7,20.8,19.9
08/12/2022,20.55,19.75,20.55,19.55
07/12/2022,19.25,19.55,19.95,18.9
06/12/2022,19.55,20.4,20.95,19.55
05/12/2022,20.8,20.3,20.8,19.8
02/12/2022,19.45,18.1,19.45,18.1
30/11/2022,19.25,18.7,19.4,18.45
29/11/2022,18.95,18.5,19.15,18
28/11/2022,18.25,17.5,18.25,17.5
25/11/2022,17.1,16.4,17.1,16.15
24/11/2022,16,15.45,16,15.25
23/11/2022,15.8,16.2,16.45,15.8
22/11/2022,16.35,15.9,17,15.9
21/11/2022,16.1,16.45,16.5,15.95
18/11/2022,16.25,15.75,16.6,15.35
17/11/2022,15.8,15.15,15.85,15.1
16/11/2022,14.85,13.1,14.85,13.05
15/11/2022,13.9,14,14.25,13.3
14/11/2022,14.25,13.8,14.5,13.2
11/11/2022,14.1,14.3,14.6,13.8
10/11/2022,13.9,14.7,14.8,13.9
09/11/2022,14.9,15.15,15.6,14.9
08/11/2022,15,13.8,15.15,13.8
07/11/2022,14.3,15.25,15.5,14.3
04/11/2022,15.35,16.25,16.3,15.35
30/10/2014,30.5,30.8,31,30.5
29/10/2014,30.8,30.1,31.4,29.9
28/10/2014,29.6,29.1,29.6,29
27/10/2014,28.7,29.3,29.7,28.7
24/10/2014,29.6,29.8,30,29.3
23/10/2014,29.7,29.6,30.4,29.5
22/10/2014,30,29,30,29
21/10/2014,28.9,28.6,29.1,28.5
20/10/2014,28.6,29.2,29.4,28.6
17/10/2014,29.1,28.7,29.2,28.2
16/10/2014,28.6,30,30,28.6
15/10/2014,30.2,30.1,30.3,29.7
14/10/2014,30.2,31.2,31.3,30.2
13/10/2014,31,30.6,31.3,30.6
10/10/2014,30.5,30.9,31,30.5
09/10/2014,31.1,31.7,31.7,31.1
08/10/2014,31.4,31.5,31.9,31.3
07/10/2014,31.6,31.8,31.9,31.5
06/10/2014,31.8,32,32.2,31.7
02/10/2014,31.5,31,31.7,30.8
01/10/2014,31,31.1,31.4,30.9
30/09/2014,30.9,30.4,31.4,30.3
29/09/2014,30.7,31.2,31.2,30.7
26/09/2014,29.2,29.2,29.7,28.9
25/09/2014,28.8,28.2,28.9,27.7
24/09/2014,28.3,28.6,28.7,28.1
23/09/2014,29.2,29.3,29.6,29.1
22/09/2014,29.1,29.9,30,29.1
19/09/2014,29.8,29.5,29.9,29.4
18/09/2014,29.6,30.8,30.9,29.6
17/09/2014,30.9,29.8,30.9,29.7
16/09/2014,28.9,28.8,29,28.4
15/09/2014,28.9,29.5,29.5,28.9
12/09/2014,29.2,29,29.3,28.9
11/09/2014,29.1,29.4,29.6,29.1
10/09/2014,28.8,28.7,28.8,28.1
09/09/2014,28.6,29.4,30,27.4
08/09/2014,29.4,29.4,29.7,29.3
04/09/2014,28.7,28.7,29,28.5
03/09/2014,28.8,29.4,29.5,28.8
29/08/2014,29,29.1,29.3,28.7
28/08/2014,29,28.3,29,28.3
27/08/2014,28.2,28.1,28.5,27.9
26/08/2014,28.1,28.3,28.5,28
25/08/2014,28.2,28.1,28.5,28
22/08/2014,27.9,28.3,28.4,27.9
21/08/2014,28,27.7,28.4,27.7
20/08/2014,27.7,27.7,28,27.5
19/08/2014,27.4,27.8,28.1,27.4
18/08/2014,27.6,26.4,27.6,26.4
15/08/2014,26.4,26.6,26.7,26.4
14/08/2014,26.6,26.8,26.9,26.5
13/08/2014,26.6,26.3,26.7,26.2
12/08/2014,26.2,26,26.4,26
11/08/2014,26,26.2,26.3,26
08/08/2014,26.2,26.5,26.7,26.1
07/08/2014,26.5,26.1,26.5,26
05/08/2014,26.2,25.6,26.2,25.6
04/08/2014,25.6,25,25.7,24.9
01/08/2014,25.1,25.3,25.3,25
31/07/2014,25.4,25,25.6,25
30/07/2014,25.1,25.3,25.5,25
29/07/2014,25.3,25.6,25.6,25.1
28/07/2014,25.5,26,26,25.2
25/07/2014,26.2,26.5,26.9,26.2
24/07/2014,26.5,26.6,26.6,26.4
23/07/2014,26.5,26.5,26.7,26.3
22/07/2014,26.5,26.8,26.8,26.4
21/07/2014,26.8,27.2,27.3,26.6
18/07/2014,26.8,26.2,26.8,26.2
17/07/2014,26.3,26.4,26.5,26.1
16/07/2014,26.3,27,27,26.3
15/07/2014,26.4,26.5,26.7,26.3
14/07/2014,26.2,26,26.2,25.7
11/07/2014,25.9,26,26.2,25.7
10/07/2014,26,26.7,26.7,26
08/07/2014,26.8,26.7,26.8,26.4
07/07/2014,26.7,27.1,27.1,26.6
04/07/2014,26.8,27,27.1,26.6
03/07/2014,26.9,27.1,27.4,26.7
02/07/2014,26.7,26.5,26.8,26.4
01/07/2014,26.4,26,26.7,25.9
30/06/2014,25.9,25.9,26.2,25.9
27/06/2014,25.9,25.9,26.1,25.8
26/06/2014,25.9,26,26.3,25.9
25/06/2014,26,25.8,26.3,25.6
24/06/2014,25.6,25,25.6,25
23/06/2014,25.1,25,25.4,24.9
20/06/2014,25.3,25.7,26,25.3
19/06/2014,25.4,25,25.6,24.5
18/06/2014,25.6,26.1,26.2,25.6
17/06/2014,26.1,25.3,26.3,25.2
16/06/2014,25.3,25.4,25.7,25.2
13/06/2014,25.2,25.4,25.4,24.9
12/06/2014,25.2,25.1,25.4,24.9
10/06/2014,24.4,24.9,25.3,24.3
09/06/2014,25.4,25.8,26.4,25.3
06/06/2014,24.9,23.6,24.9,23.4
05/06/2014,23.3,22.8,23.6,22.5
04/06/2014,22.8,23.4,23.4,22.4
03/06/2014,23.4,23.6,23.7,23.3
02/06/2014,23.3,24.1,24.1,23.2
30/05/2014,24.1,24,24.5,23.8
29/05/2014,24.1,24.3,25,24.1
28/05/2014,24.6,24.8,25,24.3
27/05/2014,24.4,23.3,24.4,23.2
26/05/2014,23.1,22.8,23.3,22.6
23/05/2014,23.1,23,23.3,22.7
22/05/2014,23.1,23.4,23.9,23
21/05/2014,23.4,22.7,23.6,22.3
20/05/2014,22.7,22.1,22.7,21.8
19/05/2014,22.4,21.9,22.8,21.5
16/05/2014,21.9,20.7,21.9,20.6
15/05/2014,20.5,21.2,22.4,19.7
13/05/2014,19.8,20.4,21.2,19.8
12/05/2014,21.2,21.8,22,21.2
09/05/2014,22.7,22.5,23,21.9
08/05/2014,22.6,23.6,23.6,22.6
07/05/2014,24.2,24.7,24.9,24
06/05/2014,24.5,25,25,23.4
05/05/2014,25,26.7,26.9,25
29/04/2014,26.7,26.4,26.9,26.3
28/04/2014,26.7,27.3,27.4,26.7
25/04/2014,27.2,27,27.4,27
24/04/2014,27,26.7,27.3,26.6
23/04/2014,26.9,27.5,27.8,26.8
22/04/2014,27.6,26.5,27.6,25.8
21/04/2014,25.9,27.3,27.4,25.9
18/04/2014,27.5,29,29,27.5
17/04/2014,29,28.9,29.3,28.7
16/04/2014,28.5,28.8,29.1,27.5
15/04/2014,29.1,30.3,30.5,29
14/04/2014,30.5,31,31.2,30.4
10/04/2014,30.8,30.2,31.2,30.2
08/04/2014,29.9,29.6,30.2,29.3
07/04/2014,29.4,29.4,29.6,29.3
04/04/2014,29.1,29.2,29.3,28.9
03/04/2014,29.2,29.2,29.5,28.9
02/04/2014,28.8,29.2,29.2,28.2
01/04/2014,29.1,29.5,30,28.9
31/03/2014,29.8,29.5,30.2,29.2
28/03/2014,29.3,28.8,29.4,28.7
27/03/2014,28.5,28.2,28.5,27.6
26/03/2014,28,29.1,29.2,27.8
25/03/2014,28.8,29.5,29.8,28.8
24/03/2014,29.7,29.5,29.7,29.2
21/03/2014,28.9,28.8,29.1,28.7
20/03/2014,28.7,29.3,29.4,28.5
19/03/2014,29.3,28.9,29.3,28.7
18/03/2014,28.9,28.9,29.6,28.3
17/03/2014,28.8,27.8,29,27.6
14/03/2014,27.4,27.3,28,27.2
12/03/2014,26.1,26.4,26.6,26
11/03/2014,26.4,26.6,26.8,26.2
10/03/2014,26.5,26.3,26.7,26.2
07/03/2014,26.2,26,26.7,25.9
06/03/2014,26,25.8,26.3,25.5
05/03/2014,25.7,25.4,25.7,25.2
04/03/2014,25,24.3,25.3,24.2
03/03/2014,24.7,25.8,25.9,24.5
28/02/2014,25.8,26,26.2,25.3
27/02/2014,26,26.7,26.9,25.7
26/02/2014,26.9,26.5,27,26
25/02/2014,26.8,26,26.8,26
24/02/2014,26.4,25.2,26.4,24.9
21/02/2014,25.2,24.5,25.5,24
20/02/2014,24.5,25.7,25.8,24
19/02/2014,25.7,25.5,25.9,25
18/02/2014,24.9,24.3,25,24.3
17/02/2014,24.4,24.3,24.9,24.2
14/02/2014,24.6,24.5,24.8,24.1
12/02/2014,24.4,24,24.4,23.5
11/02/2014,23.4,24.3,24.8,23.3
10/02/2014,23.8,22.9,23.8,22.9
07/02/2014,22.8,23.5,23.7,22.6
06/02/2014,23.5,22.7,23.8,22.7
27/01/2014,23,21.9,23,21.7
24/01/2014,22,21.2,22.1,21.1
23/01/2014,21,20.8,21.4,20.7
22/01/2014,20.9,21.5,21.5,20.7
21/01/2014,21.2,20.4,21.2,20.1
20/01/2014,20.3,20.5,20.9,20.2
17/01/2014,20.3,21,21.5,20.3
16/01/2014,20.8,20.5,20.8,20.2
15/01/2014,20.5,19.7,20.8,19.6
14/01/2014,19.5,19.4,19.7,19.3
13/01/2014,19.3,19.2,19.7,19.2
10/01/2014,19.1,19.5,19.7,19.1
09/01/2014,19.5,19.2,19.6,19.1
08/01/2014,19,18.1,19,18
06/01/2014,18.3,18,18.4,17.9
03/01/2014,18,17.8,18,17.8
02/01/2014,18,18.1,18.4,17.9
02/11/2022,16.5,16.95,17.05,16.5
01/11/2022,16.95,16.6,17.05,16.3
31/10/2022,16.3,15.9,16.4,15.2
28/10/2022,15.9,16.2,16.4,15.85
27/10/2022,15.85,15.1,15.85,15
26/10/2022,14.85,15.3,15.6,14.7
25/10/2022,15.05,15.1,16.05,14.3
24/10/2022,15.1,16.3,16.4,15.1
21/10/2022,16.2,17.4,17.45,16.2
20/10/2022,17.4,17.5,17.85,17.25
19/10/2022,17.65,17.9,18,17.5
18/10/2022,17.8,18.4,18.5,17.7
17/10/2022,18,17.6,18,17.25
14/10/2022,17.9,18,18.4,17.8
13/10/2022,17.5,17.25,17.7,17
12/10/2022,17.25,16.4,17.3,16.25
11/10/2022,16.2,17.05,17.4,16.2
10/10/2022,17.4,16.75,17.7,16.55
07/10/2022,16.8,17.05,17.1,16.2
05/10/2022,18.65,18.35,18.8,18.2
04/10/2022,17.8,18.9,19.1,17.6
03/10/2022,18.45,19.6,19.65,18.45
30/09/2022,19.8,19.15,19.8,18.3
29/09/2022,19.3,20.2,20.2,19.3
28/09/2022,19.75,19.4,20.05,19.4
27/09/2022,19.55,19.7,20,19.5
26/09/2022,19.5,20.05,20.3,19.25
23/09/2022,20.65,21,21.3,20.55
22/09/2022,21.1,20.3,21.2,20.2
21/09/2022,20.55,20.5,20.8,20.35
20/09/2022,20.7,20.2,20.75,19.9
19/09/2022,19.9,21.15,21.15,19.9
16/09/2022,21.15,21.5,21.7,21.05
15/09/2022,21.65,22.1,22.1,21.6
14/09/2022,21.95,21,22.15,21
13/09/2022,21.65,21.85,22.05,21.2
12/09/2022,21.85,22.5,22.5,21.85
09/09/2022,22.2,22,22.2,21.3
07/09/2022,22.55,23.7,23.95,22.55
06/09/2022,23.75,23.85,24.15,23.5
05/09/2022,23.7,24.1,24.3,23.7
31/08/2022,24,23.7,24.2,23.7
30/08/2022,23.95,24.65,24.8,23.9
29/08/2022,24.4,24.2,24.4,23.55
26/08/2022,24.8,25.5,25.65,24.8
25/08/2022,25.5,25.35,26,25.35
24/08/2022,25.25,25.65,25.7,25.15
23/08/2022,25.4,24.3,25.4,23.8
22/08/2022,24.7,25.15,25.35,24.6
19/08/2022,25.15,25.1,25.45,24.9
18/08/2022,25.1,24.3,25.5,24.3
17/08/2022,24.55,24.8,25.15,24.5
16/08/2022,24.6,24.75,25,24.45
15/08/2022,24.75,25.15,25.3,24.6
12/08/2022,24.9,24.35,24.9,24.05
11/08/2022,24.4,24.85,25.2,23.8
10/08/2022,24.55,24.55,25,24.45
08/08/2022,24.65,25.15,25.35,24.35
05/08/2022,24.8,23.35,25.1,23.25
04/08/2022,23.55,23.8,23.9,23
03/08/2022,23.55,22.9,23.7,22.85
02/08/2022,23.2,23,23.65,22.9
01/08/2022,22.8,21.35,22.8,21.35
29/07/2022,21.35,21.3,21.65,21.05
28/07/2022,21.15,20.9,21.35,20.7
27/07/2022,20.4,20,20.4,19.8
26/07/2022,20.25,20.55,20.7,20.1
25/07/2022,20.45,20.7,21.05,20.3
22/07/2022,20.9,21.3,21.5,20.9
21/07/2022,21.3,21.2,21.6,21.1
20/07/2022,21.3,21,21.6,20.9
19/07/2022,20.65,20.65,20.9,20.1
18/07/2022,20.9,21.3,21.4,20.7
15/07/2022,21.1,21.6,21.75,21.1
14/07/2022,21.5,20.5,21.95,20.35
13/07/2022,20.7,20.9,21.1,20.3
11/07/2022,20.65,20.45,21.15,19.9
08/07/2022,20.4,19.3,20.4,19.3
07/07/2022,19.1,18.8,19.2,18.65
06/07/2022,19,19.2,19.8,18.9
05/07/2022,19.7,20.15,20.35,19.7
04/07/2022,20.2,20.05,20.6,19.95
01/07/2022,19.7,18.65,19.8,17.95
30/06/2022,18.8,19.7,19.85,18.8
29/06/2022,19.75,19.3,20.2,19.2
28/06/2022,19.6,19.9,19.95,19.45
27/06/2022,19.85,18.75,19.85,18.6
24/06/2022,18.6,18.4,19.1,18.35
23/06/2022,18.5,18,18.5,17.9
22/06/2022,17.7,17.7,17.7,17.5
21/06/2022,18.3,18.35,19.9,18.05
20/06/2022,19.2,20.65,21.3,19.2
17/06/2022,20.6,20.85,21.5,20.6
16/06/2022,22.15,23.4,23.4,21.95
15/06/2022,22.65,24.5,24.75,22.65
13/06/2022,25.95,26.5,27,25.95
10/06/2022,27.85,28.6,29,27.85
09/06/2022,29,29.35,29.6,28.85
08/06/2022,29.3,28.5,29.75,28.2
07/06/2022,28.2,28.7,28.95,27.25
06/06/2022,29,29.55,29.9,28.8
03/06/2022,29.25,28.8,29.7,28.8
02/06/2022,29,29.6,30.2,28.8
01/06/2022,29.55,29.5,29.9,28.7
31/05/2022,29.65,29.4,30.05,29
30/05/2022,29.9,30.05,30.7,29.5
27/05/2022,29.9,29.3,30.45,29.25
26/05/2022,29.45,28.9,30.2,28.8
25/05/2022,28.8,28.1,29.3,28
24/05/2022,28.1,26.4,28.1,25.15
23/05/2022,26.5,28.5,28.65,26.5
20/05/2022,28.45,28.8,29.5,28.4
19/05/2022,28.5,27.6,29,27.6
18/05/2022,28.65,29.2,29.95,28.6
16/05/2022,27.3,27.4,27.6,27.2
13/05/2022,25.8,26,26.6,25.05
12/05/2022,25.8,27.25,27.55,25.8
11/05/2022,27.7,28.05,28.1,27.35
10/05/2022,27.9,26,28.05,25.95
09/05/2022,26.85,28.45,28.5,26.85
06/05/2022,28.85,30,30.7,28.85
05/05/2022,31,32.5,32.75,30.3
04/05/2022,32,33.55,33.8,32
29/04/2022,33.55,33.5,34.2,33.15
28/04/2022,33.5,34.3,34.65,33.3
27/04/2022,34.4,34.25,34.6,33.7
26/04/2022,34.5,32.5,34.5,31.35
25/04/2022,33.55,36,36.25,33.55
22/04/2022,36.05,36.5,36.65,35
21/04/2022,36.05,34.6,36.8,34.5
20/04/2022,35.2,34.95,36,34.7
19/04/2022,35,37.6,38.4,35
18/04/2022,37.5,39.3,40,37.2
14/04/2022,42,42.95,42.95,41.9
13/04/2022,42.55,42,42.75,40.9
12/04/2022,41.8,43.1,43.4,41.6
08/04/2022,43,44,44.25,43
07/04/2022,44.05,44.6,45.35,44.05
06/04/2022,44.6,43.7,44.9,43.7
05/04/2022,44.3,44.8,45.4,44.25
04/04/2022,45,43.5,45.05,43.1
01/04/2022,42.9,42,42.9,41.4
31/03/2022,42,42.8,42.8,42
30/03/2022,42.3,42.1,43.2,42.05
29/03/2022,42.65,42.9,42.9,42.6
28/03/2022,42.25,42.9,43.25,41.8
25/03/2022,43.45,43.75,43.95,43.3
24/03/2022,43.8,44.45,44.45,43.75
23/03/2022,44.2,44.5,44.7,44.2
22/03/2022,44.35,44.3,44.8,44.2
21/03/2022,44.3,44.3,44.45,43.8
18/03/2022,43.8,43.95,44.5,43.7
16/03/2022,43.8,43.5,44.45,43.4
15/03/2022,43.3,43.05,44.1,43
14/03/2022,43.2,44.6,44.8,42.9
11/03/2022,45,46.2,46.5,44.7
10/03/2022,46.6,47.8,47.8,46.6
09/03/2022,46.6,47.3,47.5,45.9
08/03/2022,47,46.5,48.2,46.1
07/03/2022,46.8,46.1,46.85,45.75
04/03/2022,46.6,46,47.4,45.95
03/03/2022,45.5,45,45.5,44.5
02/03/2022,44.8,45.6,45.85,44.55
01/03/2022,46,46,46.3,45.4
28/02/2022,45.7,45.8,46.6,45.65
25/02/2022,45.7,45,46.55,44.8
24/02/2022,44.6,45.1,46,43.45
23/02/2022,45.3,45.2,45.6,45.2
22/02/2022,45,45.3,45.7,44.5
21/02/2022,46,45.3,46.4,45.3
18/02/2022,45.2,44.5,45.8,44.4
16/02/2022,44.9,44.7,45.1,44.3
15/02/2022,44.2,44.2,44.7,43.35
14/02/2022,43.6,44.5,44.7,43.6
11/02/2022,45.1,45,45.65,44.8
10/02/2022,45.1,45.8,45.9,44.6
09/02/2022,45.7,45.3,46.3,45.3
08/02/2022,45.65,45.5,46.1,45
07/02/2022,45.85,46,46.9,45.3
28/01/2022,45.05,43.3,45.05,43.2
27/01/2022,43.4,42.5,44.5,42.1
26/01/2022,42.45,43,43.4,42.4
25/01/2022,42.8,41,42.9,40.9
24/01/2022,41.45,43.8,44.3,41.45
21/01/2022,44.55,45.2,45.6,44.2
20/01/2022,45,45.4,45.4,44.45
19/01/2022,43.85,43.9,44.3,43.35
18/01/2022,42.3,44.3,45.1,42.15
17/01/2022,45.3,48.5,48.9,45.3
14/01/2022,48.7,48.45,49.45,48.3
12/01/2022,50.5,48.5,50.5,48.1
11/01/2022,48.1,49.7,50.6,48
10/01/2022,49.55,51.6,52,49.55
07/01/2022,51.6,51.7,52.5,51.2
06/01/2022,51.9,52.4,53,51.9
05/01/2022,52.8,53,53.9,52.5
04/01/2022,53,52.5,53.4,51.9
31/12/2021,51.8,52.9,53,51.6
30/12/2021,52.6,50.2,52.8,50.1
29/12/2021,49.65,48.9,50.4,48.1
28/12/2021,48.8,49.3,49.55,48.8
27/12/2021,49.15,49.95,49.95,49
24/12/2021,49.05,49.2,49.95,48.4
23/12/2021,49,50.8,50.9,48
22/12/2021,51.1,52.5,52.8,50.8
21/12/2021,52.5,53.1,53.7,52.5
20/12/2021,53.5,52.5,54.5,52.1
17/12/2021,52.5,51,52.9,50.9
16/12/2021,50.9,51.9,52,50.5
14/12/2021,52.7,53.3,53.9,52.6
13/12/2021,53.4,53.2,54,52.3
10/12/2021,53,53.7,53.8,52.6
09/12/2021,53.8,51,53.8,51
08/12/2021,51.8,52.5,52.9,51.8
07/12/2021,52.2,52,52.5,50.8
06/12/2021,51,50.6,52.3,49
03/12/2021,50.5,54.1,54.4,50.5
02/12/2021,54,55,55.8,54
01/12/2021,55.2,55.5,56.2,54.1
30/11/2021,55.9,56.8,57.7,55
29/11/2021,55.3,52.5,55.4,52.5
26/11/2021,53.5,54.7,55.4,53
25/11/2021,55,53.3,55.5,52.8
24/11/2021,53.2,53,54.4,52.7
23/11/2021,52,48.3,52,47.9
22/11/2021,48.6,48.5,49.9,47.9
19/11/2021,48.5,50,50.8,45.7
18/11/2021,49.05,48.4,49.05,47
16/11/2021,44.75,45.2,45.85,44.5
15/11/2021,45.8,45.5,46.8,45.1
12/11/2021,44.6,44.4,45.2,44.05
11/11/2021,44.15,44.75,45.5,43.25
10/11/2021,44.7,44.5,45.7,44.3
09/11/2021,44.3,44.5,44.8,43.8
08/11/2021,44.5,43.3,44.95,43.1
05/11/2021,42.9,43.3,43.4,42.8
04/11/2021,43,41.8,43.9,41.7
03/11/2021,41.7,42.75,42.85,41.4
02/11/2021,42.35,41.5,42.5,41.4
01/11/2021,41.4,40.6,41.8,40.5
29/10/2021,40.5,40.85,41,40.2
28/10/2021,40.8,40.5,41.4,40.25
27/10/2021,40.4,39,40.5,38.9
26/10/2021,38.8,38.3,38.85,38
25/10/2021,38.3,39,39.1,38.1
22/10/2021,39.2,39.7,39.95,39.05
21/10/2021,39.7,40.4,40.45,39.7
19/10/2021,40.9,41,41.7,40.8
18/10/2021,40.85,40.75,41.6,40.25
15/10/2021,40.75,41.2,41.4,40.7
14/10/2021,41,41,41.6,40.65
13/10/2021,41,41.4,41.75,41
12/10/2021,41.4,41.9,42.15,41.4
11/10/2021,41.9,41,41.9,41
08/10/2021,40.85,40.7,41.2,40.5
07/10/2021,40.7,40,40.95,39.75
06/10/2021,39.95,40.7,40.75,39.9
05/10/2021,40.4,39.45,40.7,39.2
04/10/2021,38.6,39,39.1,37.85
01/10/2021,39.2,40.2,40.4,39.2
30/09/2021,40.65,40.3,40.7,40.1
29/09/2021,40.1,40.5,40.55,39.8
28/09/2021,40.6,40,40.9,39.9
27/09/2021,40,41.8,41.95,40
24/09/2021,41.8,42,42.3,41.75
23/09/2021,41.9,42,42.7,41.8
21/09/2021,42.1,42.5,42.7,41.8
20/09/2021,42.8,43.7,43.75,42.75
17/09/2021,43,42.55,43.95,42.3
16/09/2021,42.5,43.05,43.2,42.35
15/09/2021,42.9,42,43.15,41.9
14/09/2021,42.5,43.1,43.3,42.5
13/09/2021,43.6,43.8,43.8,42.7
10/09/2021,43.8,44,44.3,43.6
09/09/2021,43.95,44.4,45.3,43.75
08/09/2021,44.25,44.25,44.25,44.05
07/09/2021,60.4,60.5,61.4,59.8
06/09/2021,60,61.4,61.7,60
01/09/2021,61.2,61.3,62,60.9
31/08/2021,61.8,62.9,63.2,61
30/08/2021,62.4,61.6,62.5,60.7
27/08/2021,61.2,60.2,61.4,59.8
26/08/2021,61.1,62,62.3,59.7
25/08/2021,62,61.2,62,60.4
24/08/2021,61.2,63,63.6,59.7
20/08/2021,62.5,62.7,63.5,60.7
19/08/2021,62.7,60.9,62.9,60.8
18/08/2021,60.2,60.9,62.5,60.2
17/08/2021,61.3,61.8,62.2,60.8
16/08/2021,62.1,61.3,62.5,60.9
13/08/2021,59,58,59.7,57.7
12/08/2021,57.7,57.4,58.9,57.4
11/08/2021,57.7,59.7,59.8,57.7
10/08/2021,59.4,60.2,60.3,59
09/08/2021,59.3,56.1,60.2,56.1
06/08/2021,56.4,57.2,57.7,56.4
05/08/2021,57.5,56.3,57.8,56.1
04/08/2021,56.8,57.3,57.3,56.2
03/08/2021,56.5,54.8,56.5,54.5
02/08/2021,55,54.1,55.6,54
30/07/2021,54.6,54,55,53.6
29/07/2021,54,53,54,52.7
28/07/2021,52.4,51.9,53,51.8
27/07/2021,52,51.8,53.4,51.6
23/07/2021,50.6,51.8,52.4,50.6
22/07/2021,52.2,51.2,53,51.1
21/07/2021,51.5,52.6,53,51.4
20/07/2021,52.7,50.1,52.7,48.8
19/07/2021,49.3,51,51.8,49.3
16/07/2021,52.8,53.7,53.9,52.7
15/07/2021,53.7,50,53.7,50
14/07/2021,51,51.8,52.1,49.05
13/07/2021,51.8,50.4,51.8,49.25
12/07/2021,49.5,51.5,52.5,48.95
09/07/2021,52.6,53.7,55,52.1
08/07/2021,54.4,54.8,55.5,53.5
07/07/2021,54.5,53,54.5,50.5
06/07/2021,52.6,56.5,57.8,52.6
05/07/2021,56.5,57.3,57.6,54.8
02/07/2021,57.9,57.9,59,57
01/07/2021,57.5,56,58.2,55.4
30/06/2021,55,54.1,55.3,54
29/06/2021,54.6,53.9,55.8,53.6
07/09/2020,15.35,15.5,15.85,15.3
04/09/2020,15.4,15,15.7,14.85
03/09/2020,15.25,15.35,15.35,15.1
01/09/2020,15.1,14.85,15.1,14.8
31/08/2020,14.9,15.15,15.25,14.85
28/08/2020,15.1,15.25,15.4,15.1
27/08/2020,15.1,15.05,15.15,14.95
26/08/2020,15.05,15.05,15.2,14.95
25/08/2020,15,15.15,15.25,14.95
24/08/2020,15,14.85,15.1,14.75
21/08/2020,14.7,14.45,14.7,14.35
20/08/2020,14.35,14.55,14.6,14.35
19/08/2020,14.55,14.35,14.6,14.35
18/08/2020,14.4,14.5,14.6,14.35
17/08/2020,14.5,14.5,14.6,14.25
14/08/2020,14.6,14.8,14.9,14.45
13/08/2020,14.85,14.7,14.9,14.6
12/08/2020,14.65,14.75,14.8,14.5
11/08/2020,14.7,14.55,14.75,14.4
